t_fs,msd_angstrom2,msd_x,msd_y,msd_z
0.000000000000000000e+00,1.412828187774550707e-14,1.687885942125433303e-14,-6.747380432159388717e-15,3.996802888650563546e-15
1.000000000000000000e+02,2.391105094420843125e-01,7.532948195578778594e-02,7.529814761667383283e-02,8.848287986962269369e-02
2.000000000000000000e+02,3.127822356337279786e-01,8.983552913849957022e-02,9.109802683554517333e-02,1.318486796596832489e-01
3.000000000000000000e+02,3.618041779991601481e-01,1.019924721428060455e-01,1.019251307666024509e-01,1.578865750897516518e-01
4.000000000000000000e+02,3.630491891461319343e-01,9.839202407658868832e-02,9.800528482700841815e-02,1.666518802425348555e-01
5.000000000000000000e+02,3.702971740705349735e-01,9.668348502329696115e-02,9.861190051903523379e-02,1.750017885282027508e-01
6.000000000000000000e+02,3.628325406108265927e-01,9.255340815550776312e-02,9.244301915816884041e-02,1.778361132971500169e-01
7.000000000000000000e+02,3.824396973666719934e-01,1.019297045201765367e-01,9.836989884801158879e-02,1.821400939984838541e-01
8.000000000000000000e+02,3.978801286230942980e-01,1.074544547806021849e-01,1.026472765285474098e-01,1.877783973139446894e-01
9.000000000000000000e+02,4.150150494889326414e-01,1.124260680798497836e-01,1.076607913970352437e-01,1.949281900120476418e-01
1.000000000000000000e+03,4.164709055727808806e-01,1.101503002831731443e-01,1.075923711443966535e-01,1.987282341452110690e-01
1.100000000000000000e+03,4.235395102244468579e-01,1.110688831087081468e-01,1.084840839243201432e-01,2.039865431914185678e-01
1.200000000000000000e+03,4.311718414959223589e-01,1.122258432542769108e-01,1.088885784298438963e-01,2.100574198118015379e-01
1.300000000000000000e+03,4.404006234248946106e-01,1.143736872249654785e-01,1.098273331327999369e-01,2.161996030671292368e-01
1.400000000000000000e+03,4.475268002139193291e-01,1.163233158653384641e-01,1.121510179309855165e-01,2.190524664175953762e-01
1.500000000000000000e+03,4.503627780832827332e-01,1.162869899958016012e-01,1.133849628876163751e-01,2.206908251998647708e-01
1.600000000000000000e+03,4.624870349019699622e-01,1.204056904673614925e-01,1.166662435511695711e-01,2.254151008834389125e-01
1.700000000000000000e+03,4.739894351144318119e-01,1.231111309243344970e-01,1.174121271307066589e-01,2.334661770593906560e-01
1.800000000000000000e+03,4.866293342403276156e-01,1.263091139339457825e-01,1.216939579419664269e-01,2.386262623644154479e-01
1.900000000000000000e+03,4.943430276622322039e-01,1.267812940311369707e-01,1.229887450332400045e-01,2.445729885978552287e-01
2.000000000000000000e+03,5.041655430640328284e-01,1.289517633925327256e-01,1.251399612505863512e-01,2.500738184209136961e-01
2.100000000000000000e+03,5.097598067478252837e-01,1.308526689178578784e-01,1.249577256209006004e-01,2.539494122090667494e-01
2.200000000000000000e+03,5.171867063746360405e-01,1.319240164273182414e-01,1.278451488102271827e-01,2.574175411370905331e-01
2.300000000000000000e+03,5.232536836990588913e-01,1.347699524370131186e-01,1.291708410851064304e-01,2.593128901769393702e-01
2.400000000000000000e+03,5.324384625495890422e-01,1.379834607410866665e-01,1.326385516217143956e-01,2.618164501867880078e-01
2.500000000000000000e+03,5.420930277990858581e-01,1.397354681338380256e-01,1.358934704043300301e-01,2.664640892609178024e-01
2.600000000000000000e+03,5.439207941860748630e-01,1.394665233970209806e-01,1.359582988030511308e-01,2.684959719860027794e-01
2.700000000000000000e+03,5.437156765555524185e-01,1.386924519502400199e-01,1.359929935929728717e-01,2.690302310123395269e-01
2.800000000000000000e+03,5.476888329945384104e-01,1.404887209282417448e-01,1.360852508456012466e-01,2.711148612206953912e-01
2.900000000000000000e+03,5.563406991980962557e-01,1.434002913134889146e-01,1.373606357712470194e-01,2.755797721133603218e-01
3.000000000000000000e+03,5.664379457138685181e-01,1.463809652646498038e-01,1.395982155682450043e-01,2.804587648809737099e-01
3.100000000000000000e+03,5.730214094860930363e-01,1.470217581576664378e-01,1.427399829523128272e-01,2.832596683761137157e-01
3.200000000000000000e+03,5.795461315753689391e-01,1.488230293660834924e-01,1.455112091788339779e-01,2.852118930304515243e-01
3.300000000000000000e+03,5.861027982273188108e-01,1.522723189222286166e-01,1.479952988455366381e-01,2.858351804595535284e-01
3.400000000000000000e+03,5.919985615007976598e-01,1.547240236326471174e-01,1.511025107178011473e-01,2.861720271503493951e-01
3.500000000000000000e+03,5.969094344175133182e-01,1.551333846173978126e-01,1.517865065496222243e-01,2.899895432504933090e-01
3.600000000000000000e+03,6.074096309461655130e-01,1.581608476974167565e-01,1.534571187990962371e-01,2.957916644496525471e-01
3.700000000000000000e+03,6.162746713882585325e-01,1.570130598093332497e-01,1.578488224195304102e-01,3.014127891593949005e-01
3.800000000000000000e+03,6.260502325632670839e-01,1.610819178298116550e-01,1.590055359317127659e-01,3.059627788017426631e-01
3.900000000000000000e+03,6.283879179895051070e-01,1.610467672405844763e-01,1.595507227619442081e-01,3.077904279869764226e-01
4.000000000000000000e+03,6.334333480455861531e-01,1.646899834381860273e-01,1.604104062846966883e-01,3.083329583227034654e-01
4.100000000000000000e+03,6.428385075832792062e-01,1.687729253679104702e-01,1.637719261036173213e-01,3.102936561117514147e-01
4.200000000000000000e+03,6.428184314414127076e-01,1.678969288070220056e-01,1.651316324227118382e-01,3.097898702116789194e-01
4.300000000000000000e+03,6.415628709869947155e-01,1.681516332995375840e-01,1.636278597042061800e-01,3.097833779832508960e-01
4.400000000000000000e+03,6.433254405453667779e-01,1.679648659117882192e-01,1.618989432868426781e-01,3.134616313467358806e-01
4.500000000000000000e+03,6.479494824152878252e-01,1.698591367916548744e-01,1.656739463992830952e-01,3.124163992243497723e-01
4.600000000000000000e+03,6.483966051709093570e-01,1.704263805002847743e-01,1.676474152523206307e-01,3.103228094183039798e-01
4.700000000000000000e+03,6.583355989506943784e-01,1.736645281657999695e-01,1.717734218675990576e-01,3.128976489172953235e-01
4.800000000000000000e+03,6.658320634636175628e-01,1.753133112762700341e-01,1.743293072540490485e-01,3.161894449332984802e-01
4.900000000000000000e+03,6.721892181525118692e-01,1.763140145046553919e-01,1.758134517161599741e-01,3.200617519316965032e-01
5.000000000000000000e+03,6.788935064352792370e-01,1.796490049427983404e-01,1.757418766314454150e-01,3.235026248610354260e-01
5.100000000000000000e+03,6.851121272307322263e-01,1.801348913323257139e-01,1.746558528362927576e-01,3.303213830621137825e-01
5.200000000000000000e+03,7.024478815324104453e-01,1.845822990807595709e-01,1.775490460672278226e-01,3.403165363844230518e-01
5.300000000000000000e+03,7.129567162282306469e-01,1.849015489828575998e-01,1.804806088898168459e-01,3.475745583555561180e-01
5.400000000000000000e+03,7.206510539099484358e-01,1.848371313511017466e-01,1.847875766009267895e-01,3.510263459579198719e-01
5.500000000000000000e+03,7.239146518161293509e-01,1.861966403536590708e-01,1.855458058959079115e-01,3.521722055665623685e-01
5.600000000000000000e+03,7.306420855942743486e-01,1.906508348151560450e-01,1.861963190102370047e-01,3.537949317688813822e-01
5.700000000000000000e+03,7.372513318228551826e-01,1.931474024091887620e-01,1.871385675099959678e-01,3.569653619036704528e-01
5.800000000000000000e+03,7.369751237542234712e-01,1.912301928116578176e-01,1.876770389333718703e-01,3.580678920091937556e-01
5.900000000000000000e+03,7.441669330104521141e-01,1.943481197420479090e-01,1.888498718871082782e-01,3.609689413812958714e-01
6.000000000000000000e+03,7.550029928058519246e-01,1.943847340842523030e-01,1.939684145644917646e-01,3.666498441571078293e-01
6.100000000000000000e+03,7.655519895804281383e-01,1.963873254728883688e-01,1.950826401791421194e-01,3.740820239283975668e-01
6.200000000000000000e+03,7.765415449824841776e-01,1.993365608605975614e-01,1.973416112526577837e-01,3.798633728692288325e-01
6.300000000000000000e+03,7.842529808247378220e-01,2.018494024681150578e-01,1.962382627713974703e-01,3.861653155852253216e-01
6.400000000000000000e+03,7.872003610036353294e-01,2.014162290375055286e-01,1.969695781421176295e-01,3.888145538240121435e-01
6.500000000000000000e+03,7.994713109260400685e-01,2.033869921058359398e-01,2.029673200178189474e-01,3.931169988023850981e-01
6.600000000000000000e+03,8.028861380036358408e-01,2.037213764654310089e-01,2.047188230381077889e-01,3.944459385000970153e-01
6.700000000000000000e+03,8.103859176462626657e-01,2.051061573851333808e-01,2.077459667090384432e-01,3.975337935520908417e-01
6.800000000000000000e+03,8.160809605342298489e-01,2.055889802122196630e-01,2.084130517414506389e-01,4.020789285805596025e-01
6.900000000000000000e+03,8.249098646195329732e-01,2.114882366081521359e-01,2.087644277466823295e-01,4.046572002646985911e-01
7.000000000000000000e+03,8.271298433529387095e-01,2.108718393874987329e-01,2.094407960734551710e-01,4.068172078919848333e-01
7.100000000000000000e+03,8.336853521339639972e-01,2.114410879376589780e-01,2.146162750098334904e-01,4.076279891864715843e-01
7.200000000000000000e+03,8.356004920284998416e-01,2.121952571338477367e-01,2.149418236941517402e-01,4.084634112005003925e-01
7.300000000000000000e+03,8.347565423867064904e-01,2.107149565625023035e-01,2.150190885487884285e-01,4.090224972754157307e-01
7.400000000000000000e+03,8.376762988916225394e-01,2.107226461313233545e-01,2.153894540268567748e-01,4.115641987334424101e-01
7.500000000000000000e+03,8.480460151010046355e-01,2.137065645332080766e-01,2.179275985939435889e-01,4.164118519738529978e-01
7.600000000000000000e+03,8.565750936565768026e-01,2.177173716272581550e-01,2.192972071020612701e-01,4.195605149272574330e-01
7.700000000000000000e+03,8.653909440101628103e-01,2.208771874593428441e-01,2.212802711296705804e-01,4.232334854211494135e-01
7.800000000000000000e+03,8.664162204178058602e-01,2.199509616613294083e-01,2.226140596459896537e-01,4.238511991104868537e-01
7.900000000000000000e+03,8.699425829254232578e-01,2.202731837316090346e-01,2.249059936805690718e-01,4.247634055132452069e-01
8.000000000000000000e+03,8.773261609486091572e-01,2.221828747248983105e-01,2.292584078942280779e-01,4.258848783294826856e-01
8.100000000000000000e+03,8.846675443175919806e-01,2.230535010247410577e-01,2.322779481335603413e-01,4.293360951592905539e-01
8.200000000000000000e+03,8.963864048939134133e-01,2.290737836306040998e-01,2.360040089619506731e-01,4.313086123013586404e-01
8.300000000000000000e+03,8.912461302377052696e-01,2.299388971977283647e-01,2.346132547089046505e-01,4.266939783310721990e-01
8.400000000000000000e+03,8.863875613038898482e-01,2.282758309606160163e-01,2.329595665919114711e-01,4.251521637513622776e-01
8.500000000000000000e+03,8.943830899929159362e-01,2.327735265441918389e-01,2.355667851961687764e-01,4.260427782525553764e-01
8.600000000000000000e+03,8.981114902102899089e-01,2.328573584073677372e-01,2.372953298749866102e-01,4.279588019279355615e-01
8.700000000000000000e+03,8.999605065338249776e-01,2.338315121774277028e-01,2.377127244159067954e-01,4.284162699404904795e-01
8.800000000000000000e+03,9.045771551896080176e-01,2.364796633963757999e-01,2.412460188762284297e-01,4.268514729170037048e-01
8.900000000000000000e+03,9.081848976171000842e-01,2.402709227436185535e-01,2.416997420798273899e-01,4.262142327936541131e-01
9.000000000000000000e+03,9.085133597885581835e-01,2.390966983519931532e-01,2.424915669345482638e-01,4.269250945020168220e-01
9.100000000000000000e+03,9.128729842589746735e-01,2.429989440389597188e-01,2.428077624615214702e-01,4.270662777584934844e-01
9.200000000000000000e+03,9.205339349478409705e-01,2.447123351386689127e-01,2.475653198093269169e-01,4.282562799998451686e-01
9.300000000000000000e+03,9.225612816534628502e-01,2.444432740989674335e-01,2.506534125087841458e-01,4.274645950457112709e-01
9.400000000000000000e+03,9.244125767087933987e-01,2.444841549486632404e-01,2.503559253016819364e-01,4.295724964584481387e-01
9.500000000000000000e+03,9.339707846202556230e-01,2.470194879078436434e-01,2.536986304840546103e-01,4.332526662283573415e-01
9.600000000000000000e+03,9.428040710339572472e-01,2.487084186161041544e-01,2.555757187203719361e-01,4.385199336974811013e-01
9.700000000000000000e+03,9.511070540441255439e-01,2.527287824823487017e-01,2.571519502120255263e-01,4.412263213497514269e-01
9.800000000000000000e+03,9.513520843368321600e-01,2.523526860029965402e-01,2.582403065085941973e-01,4.407590918252414225e-01
9.900000000000000000e+03,9.459922499108214256e-01,2.518185995721385351e-01,2.572892240651967199e-01,4.368844262734862260e-01
1.000000000000000000e+04,9.434440224906703865e-01,2.536449833184823421e-01,2.578115245910014286e-01,4.319875145811866157e-01
1.010000000000000000e+04,9.433020031001362327e-01,2.543468472964859339e-01,2.600468280623118300e-01,4.289083277413384687e-01
1.020000000000000000e+04,9.546964746310139249e-01,2.575213696733248403e-01,2.642381333735149274e-01,4.329369715841741018e-01
1.030000000000000000e+04,9.594685107835350113e-01,2.573125355402029468e-01,2.660152941349070987e-01,4.361406811084250212e-01
1.040000000000000000e+04,9.636482045679719555e-01,2.599212453170849368e-01,2.665413193781999701e-01,4.371856398726869375e-01
1.050000000000000000e+04,9.658073489001532952e-01,2.602360741549448186e-01,2.673805498511365175e-01,4.381907248940719590e-01
1.060000000000000000e+04,9.727942143821131094e-01,2.630986207474232952e-01,2.681012302475999642e-01,4.415943633870897389e-01
1.070000000000000000e+04,9.738752134276876804e-01,2.649310320512832106e-01,2.682905176366323086e-01,4.406536637397721057e-01
1.080000000000000000e+04,9.858133308662374583e-01,2.693523549318420640e-01,2.737968907008859754e-01,4.426640852335094189e-01
1.090000000000000000e+04,9.931879894951667342e-01,2.706034312969384792e-01,2.801366208501590016e-01,4.424479373480691424e-01
1.100000000000000000e+04,9.949711592826183670e-01,2.682103196213265761e-01,2.813322598919382189e-01,4.454285797693535720e-01
1.110000000000000000e+04,9.987148271635521990e-01,2.707360481441429267e-01,2.815138106338474500e-01,4.464649683855618223e-01
1.120000000000000000e+04,1.001805989374137118e+00,2.725448966648328919e-01,2.817110275234142036e-01,4.475500651858900225e-01
1.130000000000000000e+04,1.005330473390746882e+00,2.750312825766896840e-01,2.836508352674812494e-01,4.466483555465758926e-01
1.140000000000000000e+04,1.010354362966578323e+00,2.793126241170517110e-01,2.862003845646017841e-01,4.448413542849247726e-01
1.150000000000000000e+04,1.010825247576531583e+00,2.778053844325113486e-01,2.891567243488605277e-01,4.438631387951597063e-01
1.160000000000000000e+04,1.006008169249042128e+00,2.767110976311232817e-01,2.887691006679729000e-01,4.405279709499459462e-01
1.170000000000000000e+04,1.004190456375944507e+00,2.772771012640058430e-01,2.863059016954677127e-01,4.406074534164710066e-01
1.180000000000000000e+04,1.006277010588296328e+00,2.780319151760349272e-01,2.855541544694085720e-01,4.426909409428528841e-01
1.190000000000000000e+04,1.009126214195769311e+00,2.770988565682901972e-01,2.882695249392724923e-01,4.437578326882066770e-01
1.200000000000000000e+04,1.013731952823124338e+00,2.805844521083702969e-01,2.899539493582897198e-01,4.431935513564642659e-01
1.210000000000000000e+04,1.015480305123155791e+00,2.784361471598351123e-01,2.929284675265123039e-01,4.441156904368084857e-01
1.220000000000000000e+04,1.019302819795824488e+00,2.812272460259692686e-01,2.920727763093124429e-01,4.460027974605427770e-01
1.230000000000000000e+04,1.025098383534794211e+00,2.824956901834129175e-01,2.934018049091122182e-01,4.492008884422691861e-01
1.240000000000000000e+04,1.031404811409176059e+00,2.829345151139227577e-01,2.958905182547216794e-01,4.525797780405317328e-01
1.250000000000000000e+04,1.030320409596482190e+00,2.813108844446211565e-01,2.990703685828851599e-01,4.499391565689758177e-01
1.260000000000000000e+04,1.034226715968284971e+00,2.831445426915623620e-01,2.989719548155440609e-01,4.521102184611786035e-01
1.270000000000000000e+04,1.034057366751563123e+00,2.839232386649081508e-01,2.988572508425278440e-01,4.512768772441270171e-01
1.280000000000000000e+04,1.036005369779687380e+00,2.879543891879585704e-01,2.993807140968446356e-01,4.486702664948841734e-01
1.290000000000000000e+04,1.034909300957852274e+00,2.880512108221443546e-01,2.988619132262281264e-01,4.479961769094797930e-01
1.300000000000000000e+04,1.036970680014170032e+00,2.898787057084025731e-01,3.005299811984277203e-01,4.465619931073397941e-01
1.310000000000000000e+04,1.034999981455814178e+00,2.869378903800366976e-01,3.019073394673063571e-01,4.461547516084712339e-01
1.320000000000000000e+04,1.036250054741431503e+00,2.867015168770244982e-01,3.047291416510685691e-01,4.448193962133384360e-01
1.330000000000000000e+04,1.033151173660915134e+00,2.870461808676443294e-01,3.031190146330430824e-01,4.429859781602276669e-01
1.340000000000000000e+04,1.035795331817003895e+00,2.909956802755749861e-01,3.034766919607975733e-01,4.413229595806312799e-01
1.350000000000000000e+04,1.037327296009711075e+00,2.931108232984918627e-01,3.049398045184197326e-01,4.392766681927994799e-01
1.360000000000000000e+04,1.037353853309076035e+00,2.925610822299056779e-01,3.069335984051305699e-01,4.378591726740397871e-01
1.370000000000000000e+04,1.036139360155823752e+00,2.922169676750672740e-01,3.100667974805166871e-01,4.338555950002397910e-01
1.380000000000000000e+04,1.033529850160058050e+00,2.903314660631827748e-01,3.119416553529913427e-01,4.312567287438838770e-01
1.390000000000000000e+04,1.032660543976744894e+00,2.921205975479234107e-01,3.108001028490591233e-01,4.297398435797623040e-01
1.400000000000000000e+04,1.032617173699847957e+00,2.937525665619603044e-01,3.093454230609420930e-01,4.295191840769455593e-01
1.410000000000000000e+04,1.036671563559633302e+00,2.944262187661431107e-01,3.122359178301035709e-01,4.300094269633865096e-01
1.420000000000000000e+04,1.034824198321984356e+00,2.944470755654869376e-01,3.106645144171395478e-01,4.297126083393578710e-01
1.430000000000000000e+04,1.038366709375306840e+00,2.962936093615193278e-01,3.128078189075649829e-01,4.292652811062225848e-01
1.440000000000000000e+04,1.043893173858140955e+00,2.992517782877775478e-01,3.137516362154772476e-01,4.308897593548860483e-01
1.450000000000000000e+04,1.043041674536157482e+00,2.996156942891073927e-01,3.147075528398868283e-01,4.287184274071632606e-01
1.460000000000000000e+04,1.038763733985091475e+00,2.980374720691469359e-01,3.141787827611633999e-01,4.265474791547811395e-01
1.470000000000000000e+04,1.030180921548366157e+00,2.936875838885173451e-01,3.123185464837295866e-01,4.241747911761192813e-01
1.480000000000000000e+04,1.029659044439926951e+00,2.932098890570670746e-01,3.118468753723079301e-01,4.246022800105520578e-01
1.490000000000000000e+04,1.031613487681550367e+00,2.955300090654531808e-01,3.130808690241748127e-01,4.230026095919222628e-01
1.500000000000000000e+04,1.038322049111685352e+00,2.990421573666235400e-01,3.141700381359028293e-01,4.251098536091588720e-01
1.510000000000000000e+04,1.041169765558624061e+00,2.988732615038330875e-01,3.141797218545248072e-01,4.281167822002662215e-01
1.520000000000000000e+04,1.042273589393053479e+00,2.990066910833681924e-01,3.142509819807782767e-01,4.290159163289069544e-01
1.530000000000000000e+04,1.044290593798005151e+00,2.970735216032707737e-01,3.145309261970569703e-01,4.326861459976774071e-01
1.540000000000000000e+04,1.048566852851447795e+00,2.960471081533275761e-01,3.150595180808841711e-01,4.374602266172359921e-01
1.550000000000000000e+04,1.049533905012212998e+00,2.974194839496135390e-01,3.156557689567345282e-01,4.364586521058649859e-01
1.560000000000000000e+04,1.052654001621314839e+00,2.984895634478317850e-01,3.151742965406166275e-01,4.389901416328664263e-01
1.570000000000000000e+04,1.048342686175880889e+00,2.983524107340770337e-01,3.122127343464166094e-01,4.377775410953873569e-01
1.580000000000000000e+04,1.041785856508990360e+00,2.951631600711947523e-01,3.120326061597794576e-01,4.345900902780160946e-01
1.590000000000000000e+04,1.038005312970307958e+00,2.939483601398883428e-01,3.123685665825322033e-01,4.316883862478874678e-01
1.600000000000000000e+04,1.040211123120049264e+00,2.949667530957841288e-01,3.163192682390548183e-01,4.289251017852103165e-01
1.610000000000000000e+04,1.037661615789888803e+00,2.943798518312391033e-01,3.158099917033673210e-01,4.274717722552822119e-01
1.620000000000000000e+04,1.040721420273887254e+00,2.989174567920286907e-01,3.128097134660169920e-01,4.289942500158416827e-01
1.630000000000000000e+04,1.043833651400150053e+00,2.985739041274080297e-01,3.132252564688922658e-01,4.320344908038498133e-01
1.640000000000000000e+04,1.045260416508034806e+00,2.971325217040007849e-01,3.132730310780046934e-01,4.348548637260293281e-01
1.650000000000000000e+04,1.042687164412440026e+00,2.959812555052235838e-01,3.142208506656255507e-01,4.324850582415907807e-01
1.660000000000000000e+04,1.049949747910637221e+00,2.972152855899598545e-01,3.172718153825557774e-01,4.354626469381216447e-01
1.670000000000000000e+04,1.056954260359915576e+00,2.975902117015475912e-01,3.187849453490330665e-01,4.405791033093349185e-01
1.680000000000000000e+04,1.062563740729506545e+00,2.976229013685239844e-01,3.202178131807383310e-01,4.447230261802442297e-01
1.690000000000000000e+04,1.065611248884572149e+00,2.988300741650552483e-01,3.199705180102713764e-01,4.468106567092456349e-01
1.700000000000000000e+04,1.066728544125794542e+00,3.004779034293699191e-01,3.192682196703128250e-01,4.469824210261118536e-01
1.710000000000000000e+04,1.066523012576411578e+00,2.991918538559468210e-01,3.214042563735509117e-01,4.459269023469137894e-01
1.720000000000000000e+04,1.059723836094122351e+00,2.972394922772131354e-01,3.187793517784129338e-01,4.437049920384962820e-01
1.730000000000000000e+04,1.056951956900169520e+00,2.952795430199696702e-01,3.202557609808834860e-01,4.414166528993165306e-01
1.740000000000000000e+04,1.056475140734724594e+00,2.927085145920887976e-01,3.199801992044535859e-01,4.437864269381820992e-01
1.750000000000000000e+04,1.060095961353991090e+00,2.924868449959098227e-01,3.195616539775679166e-01,4.480474623805131840e-01
1.760000000000000000e+04,1.065043587257150204e+00,2.961053727998405605e-01,3.193887055356735005e-01,4.495495089216360318e-01
1.770000000000000000e+04,1.068576205887136199e+00,2.982239886956379871e-01,3.192298898520797290e-01,4.511223273394184829e-01
1.780000000000000000e+04,1.073094233555972110e+00,3.011711796034248767e-01,3.225208287104727178e-01,4.494022252420744046e-01
1.790000000000000000e+04,1.077648567727226947e+00,3.012031158045694879e-01,3.267696427046051233e-01,4.496758092180522803e-01
1.800000000000000000e+04,1.074756991329979705e+00,3.015829187941077572e-01,3.271923533737919887e-01,4.459817191620799592e-01
1.810000000000000000e+04,1.081612152131282478e+00,3.050753658664169810e-01,3.300449836544969151e-01,4.464918026103684712e-01
1.820000000000000000e+04,1.094044583702321383e+00,3.094925984846795264e-01,3.325044446138789578e-01,4.520475406037629540e-01
1.830000000000000000e+04,1.098781253859644647e+00,3.126113553533399481e-01,3.330848101466936662e-01,4.530850883596109213e-01
1.840000000000000000e+04,1.097996375603976560e+00,3.144271106299652563e-01,3.348443105677644249e-01,4.487249544062468232e-01
1.850000000000000000e+04,1.094004752973613659e+00,3.120842211656704168e-01,3.348969873094974625e-01,4.470235444984457795e-01
1.860000000000000000e+04,1.096832615648307696e+00,3.127103955809750202e-01,3.358680510440112954e-01,4.482541690233213805e-01
1.870000000000000000e+04,1.104467811078666983e+00,3.149011659042998401e-01,3.367243471781478648e-01,4.528422979962191119e-01
1.880000000000000000e+04,1.111140553135510523e+00,3.170965262992489486e-01,3.389723789995179315e-01,4.550716478367435869e-01
1.890000000000000000e+04,1.108847908648882719e+00,3.167755909950726867e-01,3.388078421415831043e-01,4.532644755122269831e-01
1.900000000000000000e+04,1.102581651320257317e+00,3.143406527201302869e-01,3.369533006807681752e-01,4.512876979193588545e-01
1.910000000000000000e+04,1.102312593227091408e+00,3.143762968614308706e-01,3.369838409442943439e-01,4.509524554213663050e-01
1.920000000000000000e+04,1.106199030756187973e+00,3.166080955549898102e-01,3.377637498079167355e-01,4.518271853932812610e-01
1.930000000000000000e+04,1.113883592579951287e+00,3.222511527630099182e-01,3.377461656439179061e-01,4.538862741730234629e-01
1.940000000000000000e+04,1.115605798734892407e+00,3.217910624937269093e-01,3.409589975704788722e-01,4.528557386706867360e-01
1.950000000000000000e+04,1.114331166784502836e+00,3.224499628866300815e-01,3.403815211255182827e-01,4.514996827723545825e-01
1.960000000000000000e+04,1.123925701093277940e+00,3.250765773742599341e-01,3.431756333317471652e-01,4.556734903872708964e-01
1.970000000000000000e+04,1.137736262056772363e+00,3.284400170971590871e-01,3.466348161859150734e-01,4.626614287736982578e-01
1.980000000000000000e+04,1.146870001271730999e+00,3.322020047709771662e-01,3.494402651617667943e-01,4.652277313389869273e-01
1.990000000000000000e+04,1.149507962638582459e+00,3.337583914716942823e-01,3.506960776843846550e-01,4.650534934825033551e-01
2.000000000000000000e+04,1.150523868603260835e+00,3.334390935934219979e-01,3.535389456628067473e-01,4.635458293470320901e-01
2.010000000000000000e+04,1.153090947221499851e+00,3.357587200614377543e-01,3.504124702488769505e-01,4.669197569111851465e-01
2.020000000000000000e+04,1.163487732476787162e+00,3.394759278286785253e-01,3.531699223742976734e-01,4.708418822738110743e-01
2.030000000000000000e+04,1.166463132534969027e+00,3.398035977986910150e-01,3.544001151203701183e-01,4.722594196159078939e-01
2.040000000000000000e+04,1.168618065377058146e+00,3.397936081960638011e-01,3.575588586822993631e-01,4.712655984986950375e-01
2.050000000000000000e+04,1.157787222118812576e+00,3.389195192695233505e-01,3.553460251292830385e-01,4.635216777200062976e-01
2.060000000000000000e+04,1.162428267643420554e+00,3.424071491723879590e-01,3.550646537254811275e-01,4.649564647455516342e-01
2.070000000000000000e+04,1.169759389737824673e+00,3.438082335125652311e-01,3.579047966428298144e-01,4.680463595824296275e-01
2.080000000000000000e+04,1.174266726143108786e+00,3.472197829502844391e-01,3.582837778470989720e-01,4.687631653457254299e-01
2.090000000000000000e+04,1.181356385466553416e+00,3.495668393676271690e-01,3.621986320143752991e-01,4.695909140845510032e-01
2.100000000000000000e+04,1.182581909498852557e+00,3.482334345946194176e-01,3.621245113262131499e-01,4.722239635780199896e-01
2.110000000000000000e+04,1.184728516569983015e+00,3.485281326245900924e-01,3.639157050747857114e-01,4.722846788706070997e-01
2.120000000000000000e+04,1.194541018832540269e+00,3.512386958061312070e-01,3.642522387539294804e-01,4.790500842724796371e-01
2.130000000000000000e+04,1.209363365037411597e+00,3.533245902248499659e-01,3.691764220763569804e-01,4.868623527362047065e-01
2.140000000000000000e+04,1.225674229634620804e+00,3.569033706498540570e-01,3.706074211271842000e-01,4.981634378575826583e-01
2.150000000000000000e+04,1.234608338033335029e+00,3.571211274941305525e-01,3.726023060710917378e-01,5.048849044681127385e-01
2.160000000000000000e+04,1.240234699850875977e+00,3.612367402299780372e-01,3.689069173455504780e-01,5.100910422753476281e-01
2.170000000000000000e+04,1.240936066754359857e+00,3.610591172750822198e-01,3.686519790617720504e-01,5.112249704175054754e-01
2.180000000000000000e+04,1.238801609274541526e+00,3.629178750830262534e-01,3.674748293477441141e-01,5.084089048437713254e-01
2.190000000000000000e+04,1.234747203760258927e+00,3.635209240713247469e-01,3.658293465335158423e-01,5.053969331554183375e-01
2.200000000000000000e+04,1.231877390145696971e+00,3.644293726116915044e-01,3.681185790302423655e-01,4.993294385037631566e-01
2.210000000000000000e+04,1.231987940367775147e+00,3.655660058265856049e-01,3.682555246358489853e-01,4.981664099053405015e-01
2.220000000000000000e+04,1.236495018115877587e+00,3.635540501272040981e-01,3.732932524675171559e-01,4.996477155211563326e-01
2.230000000000000000e+04,1.250912385424825413e+00,3.697115598258957636e-01,3.736558534320988390e-01,5.075449721668308101e-01
2.240000000000000000e+04,1.261296458353928562e+00,3.731303027403781725e-01,3.755466603005562787e-01,5.126194953129941112e-01
2.250000000000000000e+04,1.269248126651742137e+00,3.760783061128584182e-01,3.768888257285467613e-01,5.162809948103368463e-01
2.260000000000000000e+04,1.272755850858161342e+00,3.779780111804775244e-01,3.782860755065267089e-01,5.164917641711570528e-01
2.270000000000000000e+04,1.273271431066604009e+00,3.798948837511684773e-01,3.764404383582989899e-01,5.169361089571365975e-01
2.280000000000000000e+04,1.273741290855916919e+00,3.779563185854845075e-01,3.784170141535108112e-01,5.173679581169214892e-01
2.290000000000000000e+04,1.277872980414527238e+00,3.825343488196242814e-01,3.777529856209271841e-01,5.175856459739758275e-01
2.300000000000000000e+04,1.288331053296575490e+00,3.873794398924644833e-01,3.806373342984308850e-01,5.203142791056800665e-01
2.310000000000000000e+04,1.299258924070450849e+00,3.906114655964658122e-01,3.834868453212495476e-01,5.251606131527355448e-01
2.320000000000000000e+04,1.306482364246235761e+00,3.925761540573853292e-01,3.869424366837975748e-01,5.269637735050528571e-01
2.330000000000000000e+04,1.308731826512534724e+00,3.949011987897548814e-01,3.852279461824811291e-01,5.286026815402987689e-01
2.340000000000000000e+04,1.304869276839010439e+00,3.943575929160942906e-01,3.808280573424087656e-01,5.296836265805072719e-01
2.350000000000000000e+04,1.306288222838736690e+00,3.956143102953338375e-01,3.827693138284494756e-01,5.279045987149533214e-01
2.360000000000000000e+04,1.313106180748714547e+00,3.985224052907333503e-01,3.859613228663617002e-01,5.286224525916193295e-01
2.370000000000000000e+04,1.317602877642830350e+00,4.002519612212794842e-01,3.892353189345558184e-01,5.281155974869951031e-01
2.380000000000000000e+04,1.327022998632040984e+00,4.051317909231801906e-01,3.936028357189113591e-01,5.282883719899492680e-01
2.390000000000000000e+04,1.323062213675518128e+00,4.038014075152679405e-01,3.937819886431455640e-01,5.254788175171045683e-01
2.400000000000000000e+04,1.324246543245766405e+00,4.027884253193899089e-01,3.918577670572365168e-01,5.296003508691400352e-01
2.410000000000000000e+04,1.330035697368251890e+00,4.061576272732678738e-01,3.931803966253014648e-01,5.306976734696825515e-01
2.420000000000000000e+04,1.336836598420909406e+00,4.092178222155651857e-01,3.952663398524963179e-01,5.323524363528479020e-01
2.430000000000000000e+04,1.349191673883390896e+00,4.155020696003239311e-01,3.994080972204495650e-01,5.342815070626174556e-01
2.440000000000000000e+04,1.350051737218622261e+00,4.150213838714982839e-01,4.017430449682107829e-01,5.332873083789131385e-01
2.450000000000000000e+04,1.354079289703810751e+00,4.170708076904801054e-01,4.045086310646135996e-01,5.324998509487169907e-01
2.460000000000000000e+04,1.354388409625928436e+00,4.156685403757831021e-01,4.028749456096669124e-01,5.358449236404784211e-01
2.470000000000000000e+04,1.363993047138432058e+00,4.235413723885136372e-01,4.043459870164246572e-01,5.361056877334938742e-01
2.480000000000000000e+04,1.369394371449794034e+00,4.279099862389807996e-01,4.050672753459097497e-01,5.364171098649035407e-01
2.490000000000000000e+04,1.369739963964853535e+00,4.270947139275668714e-01,4.040866369705458649e-01,5.385586130667407989e-01
2.500000000000000000e+04,1.365481410591288691e+00,4.268181271768251017e-01,4.048340374618492055e-01,5.338292459526143841e-01
2.510000000000000000e+04,1.370049411285074514e+00,4.308653410482096713e-01,4.094621682110494154e-01,5.297219020258154831e-01
2.520000000000000000e+04,1.372799505347743088e+00,4.302761466172475013e-01,4.099267616461344521e-01,5.325965970843611341e-01
2.530000000000000000e+04,1.380891585101477581e+00,4.344043128345669302e-01,4.115872377351970646e-01,5.349000345317136418e-01
2.540000000000000000e+04,1.384162319964486798e+00,4.357171059337476282e-01,4.146848404129007681e-01,5.337603736178385683e-01
2.550000000000000000e+04,1.385090962521185132e+00,4.363464701473429019e-01,4.150966999975820859e-01,5.336477923762601439e-01
2.560000000000000000e+04,1.388952841093786361e+00,4.391069423686875806e-01,4.142168769645754312e-01,5.356290217605234050e-01
2.570000000000000000e+04,1.398675325279957971e+00,4.382746957090958295e-01,4.188967236077493217e-01,5.415039059631128193e-01
2.580000000000000000e+04,1.410454694984276447e+00,4.417048342964042251e-01,4.227643480217171401e-01,5.459855126661550262e-01
2.590000000000000000e+04,1.410651933685922010e+00,4.400448418839665865e-01,4.238480735568558311e-01,5.467590182450995373e-01
2.600000000000000000e+04,1.418733164275442160e+00,4.450422337139396944e-01,4.250473198587102486e-01,5.486436107027923281e-01
2.610000000000000000e+04,1.427736284283300794e+00,4.469733674750129282e-01,4.307445163784716091e-01,5.500184004298162010e-01
2.620000000000000000e+04,1.427636205880761455e+00,4.519875828108301796e-01,4.290226198406326685e-01,5.466260032292986626e-01
2.630000000000000000e+04,1.432361708582362780e+00,4.563325279771218712e-01,4.286065531609324353e-01,5.474226274443083629e-01
2.640000000000000000e+04,1.436488616910589711e+00,4.575120184567266213e-01,4.310674187604656704e-01,5.479091796933974745e-01
2.650000000000000000e+04,1.437618464366086757e+00,4.588181222277862292e-01,4.300988179219212282e-01,5.487015242163792994e-01
2.660000000000000000e+04,1.446885995357615418e+00,4.628095760641970924e-01,4.338822244038654796e-01,5.501941948895526791e-01
2.670000000000000000e+04,1.455451598820292514e+00,4.657213274535355052e-01,4.380266308899857242e-01,5.517036404767712288e-01
2.680000000000000000e+04,1.462539492567677790e+00,4.689993416874497223e-01,4.413650311948596472e-01,5.521751196853682542e-01
2.690000000000000000e+04,1.457759102410452146e+00,4.707531158387176506e-01,4.365594336670589604e-01,5.504465529046755901e-01
2.700000000000000000e+04,1.459607813682682664e+00,4.730648094628408518e-01,4.378586085952217988e-01,5.486843956246201248e-01
2.710000000000000000e+04,1.465342753968243317e+00,4.771414064290117052e-01,4.394431252291789991e-01,5.487582223100526679e-01
2.720000000000000000e+04,1.479220714595739006e+00,4.813133703709132627e-01,4.470391045118630724e-01,5.508682397129627262e-01
2.730000000000000000e+04,1.485968219776658827e+00,4.815376415695150625e-01,4.504848608609072214e-01,5.539457173462365436e-01
2.740000000000000000e+04,1.488629268321037369e+00,4.842749115288352835e-01,4.524337213165079419e-01,5.519206354756940325e-01
2.750000000000000000e+04,1.496186602181122538e+00,4.898863450104066208e-01,4.536780643322637085e-01,5.526221928384522641e-01
2.760000000000000000e+04,1.502928244104914324e+00,4.929026822226413307e-01,4.562950011746309542e-01,5.537305607076420388e-01
2.770000000000000000e+04,1.507996002840890082e+00,4.985961758071913441e-01,4.539681569214016332e-01,5.554316701122969935e-01
2.780000000000000000e+04,1.508098801831398106e+00,4.958420025390901098e-01,4.567033037335358481e-01,5.555534955587722035e-01
2.790000000000000000e+04,1.509960668324323851e+00,4.995038423955289741e-01,4.561233891796501183e-01,5.543334367491448145e-01
2.800000000000000000e+04,1.513008451004328903e+00,5.025006379817553714e-01,4.569209903897640812e-01,5.535868226328094499e-01
2.810000000000000000e+04,1.517361287707933437e+00,5.060375427194122588e-01,4.564175552424047377e-01,5.549061897461164961e-01
2.820000000000000000e+04,1.521566903798711845e+00,5.088365181570569939e-01,4.575323782841109188e-01,5.551980073575440988e-01
2.830000000000000000e+04,1.531829604263042377e+00,5.143116662120135185e-01,4.608329099463298606e-01,5.566850281046988869e-01
2.840000000000000000e+04,1.533093687372051317e+00,5.141906434853369401e-01,4.623260614968910387e-01,5.565769823898232271e-01
2.850000000000000000e+04,1.538954683336975826e+00,5.143186264436603317e-01,4.642447481889000471e-01,5.603913087044153363e-01
2.860000000000000000e+04,1.544094954979891243e+00,5.160694855285461458e-01,4.659927145102052970e-01,5.620327549411398005e-01
2.870000000000000000e+04,1.562298728605995723e+00,5.237954733740259883e-01,4.711078745912092858e-01,5.673953806407604494e-01
2.880000000000000000e+04,1.567450503874456835e+00,5.273114337667809126e-01,4.699127084675945309e-01,5.702263616400812252e-01
2.890000000000000000e+04,1.569184802092167930e+00,5.281373238127784475e-01,4.726115828066558278e-01,5.684358954727335433e-01
2.900000000000000000e+04,1.566345077278638032e+00,5.260084571065064551e-01,4.735909512826356749e-01,5.667456688894958461e-01
2.910000000000000000e+04,1.573901631518643374e+00,5.313071497717944958e-01,4.756833381130898819e-01,5.669111436337589405e-01
2.920000000000000000e+04,1.579537537624171151e+00,5.337584017070602371e-01,4.751944917071681540e-01,5.705846442099428151e-01
2.930000000000000000e+04,1.595856115721546731e+00,5.422003845070190176e-01,4.834475180707435982e-01,5.702082131437842261e-01
2.940000000000000000e+04,1.601816965204279963e+00,5.441529586806688190e-01,4.866440082046209481e-01,5.710199983189904183e-01
2.950000000000000000e+04,1.608852180496481932e+00,5.474831925059311377e-01,4.884835509115771357e-01,5.728854370789736583e-01
2.960000000000000000e+04,1.605824742762727686e+00,5.447836021663302608e-01,4.867138617459790817e-01,5.743272788504183435e-01
2.970000000000000000e+04,1.605993501104518550e+00,5.476609531625979965e-01,4.852427729711148996e-01,5.730897749708057098e-01
2.980000000000000000e+04,1.604518680334036995e+00,5.513468055970393022e-01,4.841708114274483887e-01,5.690010633095492487e-01
2.990000000000000000e+04,1.614275677025828859e+00,5.545311913950297100e-01,4.904816134465089239e-01,5.692628721842902806e-01
3.000000000000000000e+04,1.619299038830446014e+00,5.589630123333815259e-01,4.936363113854686513e-01,5.666997151115957809e-01
3.010000000000000000e+04,1.622600912663198169e+00,5.583718589189347048e-01,4.955214876451952688e-01,5.687075660990682513e-01
3.020000000000000000e+04,1.635029248987224237e+00,5.660247856726826621e-01,4.951168711199565031e-01,5.738875921945851832e-01
3.030000000000000000e+04,1.643621679406784608e+00,5.707655142453088581e-01,4.979293803575109978e-01,5.749267848039647522e-01
3.040000000000000000e+04,1.657343827196346098e+00,5.731570325872643590e-01,5.011675429913213797e-01,5.830192516177603590e-01
3.050000000000000000e+04,1.657881477638991630e+00,5.722373997716916350e-01,5.038496840407495903e-01,5.817943938265505155e-01
3.060000000000000000e+04,1.663515651565791176e+00,5.737885206721156095e-01,5.062158386623787365e-01,5.835112922312968298e-01
3.070000000000000000e+04,1.667639063765722129e+00,5.723317035063110181e-01,5.082023290016184358e-01,5.871050312577927865e-01
3.080000000000000000e+04,1.665957904948598189e+00,5.718201727160772130e-01,5.054596040686819558e-01,5.886781281638391317e-01
3.090000000000000000e+04,1.675052680480259459e+00,5.774495381326316679e-01,5.092287049311464697e-01,5.883744374164814328e-01
3.100000000000000000e+04,1.676493668434703377e+00,5.802899801693259807e-01,5.118643356813946665e-01,5.843393525839829516e-01
3.110000000000000000e+04,1.688328204961691892e+00,5.837797044881360975e-01,5.176926321015798971e-01,5.868558683719760083e-01
3.120000000000000000e+04,1.683776834517331178e+00,5.844969828780559595e-01,5.156465992316178193e-01,5.836332524076572881e-01
3.130000000000000000e+04,1.679946916151811021e+00,5.802181160377843927e-01,5.133431230332718975e-01,5.863856770807547303e-01
3.140000000000000000e+04,1.691418819960640585e+00,5.827245137092320615e-01,5.172164970920192228e-01,5.914778091593893006e-01
3.150000000000000000e+04,1.711114735605116843e+00,5.878788886790575763e-01,5.219849858923797381e-01,6.012508610336795289e-01
3.160000000000000000e+04,1.733732697560919966e+00,5.940628530736381530e-01,5.266634027822794106e-01,6.130064417050022918e-01
3.170000000000000000e+04,1.747017495862309922e+00,5.953350101165352237e-01,5.283893843555145242e-01,6.232931013902600625e-01
3.180000000000000000e+04,1.753615215494845669e+00,5.967823049462293028e-01,5.316420511998454224e-01,6.251908593487709442e-01
3.190000000000000000e+04,1.758645663934585768e+00,5.992794304893725998e-01,5.332232213437075874e-01,6.261430121015056915e-01
3.200000000000000000e+04,1.758785765177440785e+00,5.973706259839376420e-01,5.365428034584829309e-01,6.248723357350203234e-01
3.210000000000000000e+04,1.760134616268629992e+00,5.980935410446222011e-01,5.388986031327986925e-01,6.231424720912090987e-01
3.220000000000000000e+04,1.761876208502546337e+00,6.011059550969887200e-01,5.405373800979216270e-01,6.202328733076361011e-01
3.230000000000000000e+04,1.763107451015717420e+00,5.973525526366426641e-01,5.416706559091161166e-01,6.240842424699586388e-01
3.240000000000000000e+04,1.770266735236670330e+00,6.030571773470582153e-01,5.409992529679537032e-01,6.262103049216583006e-01
3.250000000000000000e+04,1.773382619590055942e+00,6.006756581226196934e-01,5.421398716950284191e-01,6.305670897724079405e-01
3.260000000000000000e+04,1.776717863049283919e+00,5.986259907660654855e-01,5.422464574505722057e-01,6.358454148326462274e-01
3.270000000000000000e+04,1.788865547302910919e+00,5.990405052871307090e-01,5.462324585094953111e-01,6.435925835062850098e-01
3.280000000000000000e+04,1.796246689936632723e+00,6.045119017679562168e-01,5.429716025934835377e-01,6.487631855751929688e-01
3.290000000000000000e+04,1.810749731447695021e+00,6.057412995105144748e-01,5.492480501421284078e-01,6.557603817950521385e-01
3.300000000000000000e+04,1.827004716293890718e+00,6.130122466872452991e-01,5.518102510556738283e-01,6.621822185509715908e-01
3.310000000000000000e+04,1.836242407816124578e+00,6.101332684901462633e-01,5.544920036018269327e-01,6.716171357241513817e-01
3.320000000000000000e+04,1.843156911608839765e+00,6.080596764716424962e-01,5.552662598385407211e-01,6.798309752986566590e-01
3.330000000000000000e+04,1.842630859620010719e+00,6.041063180233245955e-01,5.531434237734900172e-01,6.853811178231961065e-01
3.340000000000000000e+04,1.852938453322402479e+00,6.066672382381689266e-01,5.546312308251982737e-01,6.916399842590352787e-01
3.350000000000000000e+04,1.865621077998240729e+00,6.058319075298224110e-01,5.599928372410611921e-01,6.997963332273571258e-01
3.360000000000000000e+04,1.877439372385180549e+00,6.095669129177374579e-01,5.623026867473199797e-01,7.055697727201231118e-01
3.370000000000000000e+04,1.885051472697354624e+00,6.158817498260276135e-01,5.613748191023190115e-01,7.077949037690081102e-01
3.380000000000000000e+04,1.886120982134691815e+00,6.123080646145806494e-01,5.661779607651771240e-01,7.076349567549339303e-01
3.390000000000000000e+04,1.892123853280261558e+00,6.100727561724339498e-01,5.669084033427649327e-01,7.151426937650626758e-01
3.400000000000000000e+04,1.896127111054642933e+00,6.090496192691782218e-01,5.654428029683040702e-01,7.216346888171607521e-01
3.410000000000000000e+04,1.906437483593493631e+00,6.107690381612934649e-01,5.636835150863294119e-01,7.319849303458706435e-01
3.420000000000000000e+04,1.925511206451981705e+00,6.136123381144676925e-01,5.693479346256042906e-01,7.425509337119098330e-01
3.430000000000000000e+04,1.952049226599490872e+00,6.195340689032263759e-01,5.718108346649861673e-01,7.607043230312783288e-01
3.440000000000000000e+04,1.967838846762047789e+00,6.222296246343871351e-01,5.733772863836625877e-01,7.722319357439981768e-01
3.450000000000000000e+04,1.979218006154077170e+00,6.163191331597893674e-01,5.768744959098763836e-01,7.860243770844116407e-01
3.460000000000000000e+04,1.986244424252176621e+00,6.168967252146637659e-01,5.757308715313217418e-01,7.936168275061911137e-01
3.470000000000000000e+04,1.995842253160933666e+00,6.169809392791643088e-01,5.777776238871923375e-01,8.010836899945770195e-01
3.480000000000000000e+04,2.001648030156082392e+00,6.179153286126306543e-01,5.802047392502646117e-01,8.035279622931870147e-01
3.490000000000000000e+04,2.019444359865919303e+00,6.208289785402369976e-01,5.838450366193681518e-01,8.147703447063143756e-01
3.500000000000000000e+04,2.033371659205404747e+00,6.244663788959095019e-01,5.863124779446754475e-01,8.225928023648195753e-01
3.510000000000000000e+04,2.043698708888242344e+00,6.295509434000909899e-01,5.876006195827200296e-01,8.265471459054312131e-01
3.520000000000000000e+04,2.043636626357946628e+00,6.256386889052638622e-01,5.834186521756723476e-01,8.345792852770104187e-01
3.530000000000000000e+04,2.063088907719448084e+00,6.285385306746397172e-01,5.886420202787704392e-01,8.459083567660379277e-01
3.540000000000000000e+04,2.061306575354471704e+00,6.241655656763180904e-01,5.924277073243378045e-01,8.447133023538156982e-01
3.550000000000000000e+04,2.075599213800802367e+00,6.291847292734606967e-01,5.988677134294005944e-01,8.475467710979407432e-01
3.560000000000000000e+04,2.073638693491856699e+00,6.312018421397841417e-01,5.960700577265989342e-01,8.463667936254737345e-01
3.570000000000000000e+04,2.081391626038410436e+00,6.352947990948285550e-01,6.009352416356023019e-01,8.451615853079793572e-01
3.580000000000000000e+04,2.086667164550251474e+00,6.384284734356459046e-01,6.013493969430511177e-01,8.468892941715544520e-01
3.590000000000000000e+04,2.099611169804293187e+00,6.400403087827720716e-01,6.079745268021408133e-01,8.515963342193805241e-01
3.600000000000000000e+04,2.097883151955783454e+00,6.381381418422179541e-01,6.122562596088111375e-01,8.474887505047543623e-01
3.610000000000000000e+04,2.090566461781783403e+00,6.383112516749662735e-01,6.115562067826740833e-01,8.406990033241429350e-01
3.620000000000000000e+04,2.094446651746217025e+00,6.389908070812689855e-01,6.172246557756201346e-01,8.382311888893279050e-01
3.630000000000000000e+04,2.090696907710944075e+00,6.407268564506264363e-01,6.179454366809473687e-01,8.320246145793701587e-01
3.640000000000000000e+04,2.086982093611264411e+00,6.426135406424619001e-01,6.199146745852023299e-01,8.244538783835999585e-01
3.650000000000000000e+04,2.079972166329298489e+00,6.368201131353984357e-01,6.215902884966353348e-01,8.215617646972648291e-01
3.660000000000000000e+04,2.082150543635963302e+00,6.366399796820306767e-01,6.225917579991369077e-01,8.229188059547956069e-01
3.670000000000000000e+04,2.081401246022255958e+00,6.339652867069970332e-01,6.215095803549955944e-01,8.259263789602633299e-01
3.680000000000000000e+04,2.082915396494554372e+00,6.373247222248827892e-01,6.221673998520502735e-01,8.234232744176214203e-01
3.690000000000000000e+04,2.080037666594464874e+00,6.353941297074090500e-01,6.238797188847544639e-01,8.207638180023011376e-01
3.700000000000000000e+04,2.084813799035201143e+00,6.392637352779650950e-01,6.301287063144727085e-01,8.154213574427633393e-01
3.710000000000000000e+04,2.085707412260758176e+00,6.402473377905828489e-01,6.307486102916173287e-01,8.147114641785581091e-01
3.720000000000000000e+04,2.089636801595634807e+00,6.429740046689897959e-01,6.337847709388350070e-01,8.128780259878102266e-01
3.730000000000000000e+04,2.089389969496491251e+00,6.436057349962365226e-01,6.342252535166835736e-01,8.115589809835709323e-01
3.740000000000000000e+04,2.089017635816446283e+00,6.401159560684993588e-01,6.408715966666982400e-01,8.080300830812484625e-01
3.750000000000000000e+04,2.083900285180989354e+00,6.412526020966049511e-01,6.410424304747579516e-01,8.016052526096265618e-01
3.760000000000000000e+04,2.078592770842424109e+00,6.418819470421757156e-01,6.361375301289351469e-01,8.005732936713130243e-01
3.770000000000000000e+04,2.081307538259756562e+00,6.384114740740770566e-01,6.371863583763512917e-01,8.057097058093283248e-01
3.780000000000000000e+04,2.093632203862110241e+00,6.422101181331409947e-01,6.396981203161823393e-01,8.117239654127867965e-01
3.790000000000000000e+04,2.097489796539974805e+00,6.386773212376170017e-01,6.448522111866316076e-01,8.139602641157260843e-01
3.800000000000000000e+04,2.084082986807321181e+00,6.341846970938410655e-01,6.383817348841509531e-01,8.115165548293292730e-01
3.810000000000000000e+04,2.089179571999798757e+00,6.312112601069814755e-01,6.411149630316884673e-01,8.168533488611288140e-01
3.820000000000000000e+04,2.090929422962326534e+00,6.332567800016508652e-01,6.359802300626852256e-01,8.216924128979906650e-01
3.830000000000000000e+04,2.084026031264021750e+00,6.308328762948807178e-01,6.344710580451904391e-01,8.187220969239504820e-01
3.840000000000000000e+04,2.078576159959857783e+00,6.285428506571777429e-01,6.270874738339713428e-01,8.229458354687085864e-01
3.850000000000000000e+04,2.088296322072388023e+00,6.227980557117420712e-01,6.302708536228964764e-01,8.352274127377494750e-01
3.860000000000000000e+04,2.088706488147608731e+00,6.210650835328874741e-01,6.267184343300433724e-01,8.409229702846777732e-01
3.870000000000000000e+04,2.091587643989875289e+00,6.196314748830035191e-01,6.287816623757969126e-01,8.431745067310749686e-01
3.880000000000000000e+04,2.095406129464380207e+00,6.197189258726008010e-01,6.244471644892427564e-01,8.512400391025366497e-01
3.890000000000000000e+04,2.092251129288624334e+00,6.165724055395424008e-01,6.202072103420097626e-01,8.554715134070720595e-01
3.900000000000000000e+04,2.103157357798838056e+00,6.158035465741780179e-01,6.238838965086949129e-01,8.634699147159649035e-01
3.910000000000000000e+04,2.100933395470172993e+00,6.104158493961167053e-01,6.203006717371896128e-01,8.702168743368666748e-01
3.920000000000000000e+04,2.105823233486483481e+00,6.082694939541216650e-01,6.207176933565027310e-01,8.768360461758591962e-01
3.930000000000000000e+04,2.102273777145397204e+00,6.009848097139277590e-01,6.194254707849473629e-01,8.818634966465221936e-01
3.940000000000000000e+04,2.119392925115047177e+00,5.997474693071908058e-01,6.231652429526517434e-01,8.964802128552044058e-01
3.950000000000000000e+04,2.132886830481006690e+00,6.019681530955454107e-01,6.202061592463977702e-01,9.107125181390633983e-01
3.960000000000000000e+04,2.143492859092797964e+00,6.013287930055863928e-01,6.229868652532829509e-01,9.191772008339282873e-01
3.970000000000000000e+04,2.141543070778280988e+00,6.008050572875908157e-01,6.165044849512861802e-01,9.242335285394039923e-01
3.980000000000000000e+04,2.154895629471792251e+00,5.959471400535983898e-01,6.199035573122326781e-01,9.390449321059612942e-01
3.990000000000000000e+04,2.160798379869382835e+00,5.960390830125827932e-01,6.207915564996048241e-01,9.439677403571954395e-01
4.000000000000000000e+04,2.168030507151828878e+00,5.920422622085121933e-01,6.249026001458541923e-01,9.510856447974622707e-01
4.010000000000000000e+04,2.177735884470742622e+00,5.957613324165652591e-01,6.194715375363769594e-01,9.625030145178004037e-01
4.020000000000000000e+04,2.181199938585841824e+00,5.913829532084970975e-01,6.196954961843154086e-01,9.701214891930295403e-01
4.030000000000000000e+04,2.184642838050254277e+00,5.910003845462956651e-01,6.163221149240001306e-01,9.773203385799582588e-01
4.040000000000000000e+04,2.194123527419931996e+00,5.896251691530505212e-01,6.199128682777211852e-01,9.845854899891604006e-01
4.050000000000000000e+04,2.198510610226780404e+00,5.893113204356434931e-01,6.195185501230699998e-01,9.896807396680668001e-01
4.060000000000000000e+04,2.207882487433519003e+00,5.928080058142342068e-01,6.227264134449514987e-01,9.923480681743331866e-01
4.070000000000000000e+04,2.191806202709352558e+00,5.794369533918974913e-01,6.167217805332616543e-01,9.956474687841933013e-01
4.080000000000000000e+04,2.204679294785973021e+00,5.826541582941124897e-01,6.146201126204096088e-01,1.007405023871450700e+00
4.090000000000000000e+04,2.210584079161845850e+00,5.778822267262115897e-01,6.111550785423605081e-01,1.021546773893273530e+00
4.100000000000000000e+04,2.220833908149426161e+00,5.817288960637794215e-01,6.112391376320887026e-01,1.027865874453558037e+00
4.110000000000000000e+04,2.208403549711443148e+00,5.755067679632068778e-01,6.100291370269153024e-01,1.022867644721320968e+00
4.120000000000000000e+04,2.204568850249585044e+00,5.687945592564623842e-01,6.063269684332953657e-01,1.029447322559827294e+00
4.130000000000000000e+04,2.207988756020324850e+00,5.649738002189936825e-01,6.060399661643386393e-01,1.036974989636992861e+00
4.140000000000000000e+04,2.201585731084507724e+00,5.620797289051028267e-01,6.014997978903896536e-01,1.038006204289015244e+00
4.150000000000000000e+04,2.204438595306618787e+00,5.572832135866793157e-01,6.038325553420544889e-01,1.043322826377884871e+00
4.160000000000000000e+04,2.212551416561006512e+00,5.565434005265700312e-01,5.997915459871718813e-01,1.056216470047264711e+00
4.170000000000000000e+04,2.218962300236289487e+00,5.534011409133927639e-01,6.004245849330699381e-01,1.065136574389826674e+00
4.180000000000000000e+04,2.230475150443596455e+00,5.524961096877432087e-01,6.030680616893822066e-01,1.074910979066471040e+00
4.190000000000000000e+04,2.246324727326001636e+00,5.516665755100197410e-01,6.030421404344382674e-01,1.091616011381543849e+00
4.200000000000000000e+04,2.250867807988913505e+00,5.460145741586650558e-01,6.027701660309391363e-01,1.102083067799309202e+00
4.210000000000000000e+04,2.265111522145097034e+00,5.482048730761908129e-01,5.988162826080898338e-01,1.118090366460816387e+00
4.220000000000000000e+04,2.281410042309657271e+00,5.478601323457246153e-01,5.952428610661820718e-01,1.138307048897750473e+00
4.230000000000000000e+04,2.301087431948778850e+00,5.469500121311241525e-01,5.959377933995085863e-01,1.158199626418145778e+00
4.240000000000000000e+04,2.302386872112171190e+00,5.423120840436614909e-01,5.963580997035119458e-01,1.163716688364997864e+00
4.250000000000000000e+04,2.306042447384960781e+00,5.341949511415569063e-01,5.947952629630771648e-01,1.177052233280326821e+00
4.260000000000000000e+04,2.324987056456400580e+00,5.356557485700973453e-01,5.956025417141048717e-01,1.193728766172198252e+00
4.270000000000000000e+04,2.316488139399931256e+00,5.308937831615641034e-01,5.839864316571710123e-01,1.201607924581196141e+00
4.280000000000000000e+04,2.297416554784323051e+00,5.252462661330005167e-01,5.786360569733448589e-01,1.193534231677977786e+00
4.290000000000000000e+04,2.302290125112944175e+00,5.248029942853467134e-01,5.805234117100284141e-01,1.196963719117568825e+00
4.300000000000000000e+04,2.302666034169510212e+00,5.254243896907515587e-01,5.814559822275406908e-01,1.195785662251218184e+00
4.310000000000000000e+04,2.297660266927697315e+00,5.176605076558180585e-01,5.785881511322582549e-01,1.201411608139621334e+00
4.320000000000000000e+04,2.307360246228135292e+00,5.147601326311024295e-01,5.818654218100595132e-01,1.210734691786973460e+00
4.330000000000000000e+04,2.313331400636865709e+00,5.209784109291045739e-01,5.834955196479960637e-01,1.208857470059764738e+00
4.340000000000000000e+04,2.303378424187088491e+00,5.195279954989366900e-01,5.887247927199700248e-01,1.195125635968181665e+00
4.350000000000000000e+04,2.297649730063170637e+00,5.207992139776111973e-01,5.892720679645455650e-01,1.187578448121013652e+00
4.360000000000000000e+04,2.294608091911368941e+00,5.170710966456172342e-01,5.894201599397344005e-01,1.188116835326017195e+00
4.370000000000000000e+04,2.291282072704000861e+00,5.165372510048383825e-01,5.817592334777478280e-01,1.192985588221414872e+00
4.380000000000000000e+04,2.308388584307955682e+00,5.200592737931778453e-01,5.863876972588046854e-01,1.201941613255973262e+00
4.390000000000000000e+04,2.331079199213634823e+00,5.277964447271353832e-01,5.896797292735892482e-01,1.213603025212910191e+00
4.400000000000000000e+04,2.345206709468141248e+00,5.338513268930388245e-01,5.966414300284237360e-01,1.214713952546678577e+00
4.410000000000000000e+04,2.340669909720891617e+00,5.325637460250194355e-01,5.932303609200098027e-01,1.214875802775862601e+00
4.420000000000000000e+04,2.334013259099214199e+00,5.327454139718043047e-01,5.913627977671593872e-01,1.209905047360250396e+00
4.430000000000000000e+04,2.336838142955039110e+00,5.299441636907171738e-01,5.870380634657724750e-01,1.219855915798549129e+00
4.440000000000000000e+04,2.355959271521383069e+00,5.264600678684221435e-01,5.913787170543172156e-01,1.238120486598643710e+00
4.450000000000000000e+04,2.371224047098840160e+00,5.270523376409451677e-01,5.918333857314542756e-01,1.252338323726440938e+00
4.460000000000000000e+04,2.392283235565441313e+00,5.398630081671041969e-01,5.943774564199222343e-01,1.258042770978414993e+00
4.470000000000000000e+04,2.407169284996130365e+00,5.425463665618940334e-01,5.954328600877096811e-01,1.269190058346526540e+00
4.480000000000000000e+04,2.426544580478593005e+00,5.523629728421737273e-01,6.046854690135743393e-01,1.269496138622844716e+00
4.490000000000000000e+04,2.437152054419170710e+00,5.527103205872601066e-01,6.114371489066589005e-01,1.273004584925251592e+00
4.500000000000000000e+04,2.445276166644370530e+00,5.614429924449659826e-01,6.106416075023323176e-01,1.273191566697072119e+00
4.510000000000000000e+04,2.450793124450229676e+00,5.613700380996691219e-01,6.167484386347792391e-01,1.272674647715781093e+00
4.520000000000000000e+04,2.478549369560183457e+00,5.720879697312317713e-01,6.189656159152090442e-01,1.287495783913742642e+00
4.530000000000000000e+04,2.483762752832486154e+00,5.773234624624070666e-01,6.153737692190933695e-01,1.291065521150985607e+00
4.540000000000000000e+04,2.513609559938495774e+00,5.877495554741469785e-01,6.180388618512456800e-01,1.307821142613103227e+00
4.550000000000000000e+04,2.521531056568361961e+00,5.862570927942554189e-01,6.207635821647794483e-01,1.314510381609327316e+00
4.560000000000000000e+04,2.553275868608950283e+00,5.859987939802353551e-01,6.236490511598161701e-01,1.343628023468898425e+00
4.570000000000000000e+04,2.568134075166177421e+00,5.834720365373311513e-01,6.219136676782174300e-01,1.362748370950628729e+00
4.580000000000000000e+04,2.581549683677706319e+00,5.873675264705242594e-01,6.189995089734872113e-01,1.375182648233695071e+00
4.590000000000000000e+04,2.593766702982926109e+00,5.912139209986969624e-01,6.220078023100155118e-01,1.380544979674213746e+00
4.600000000000000000e+04,2.614373498271961083e+00,5.978688425199955025e-01,6.176733670945042665e-01,1.398831288657461425e+00
4.610000000000000000e+04,2.646016837571609770e+00,6.032077092948056052e-01,6.197398242879169628e-01,1.423069303988887091e+00
4.620000000000000000e+04,2.674880226295209606e+00,5.981921269860249746e-01,6.320082951778280833e-01,1.444679804131356438e+00
4.630000000000000000e+04,2.711075984380824977e+00,5.972565965995147996e-01,6.457035640288377731e-01,1.468115823752472293e+00
4.640000000000000000e+04,2.732081140195139035e+00,6.028794756024697943e-01,6.432279843808833553e-01,1.485973680211785775e+00
4.650000000000000000e+04,2.769040190007057589e+00,6.044955820151380887e-01,6.595705756097236527e-01,1.504974032382196070e+00
4.660000000000000000e+04,2.785743302465315985e+00,6.036745913742687097e-01,6.631763339180263284e-01,1.518892377173020947e+00
4.670000000000000000e+04,2.813713402289596210e+00,6.177596751476865933e-01,6.617035979531354917e-01,1.534250129188774014e+00
4.680000000000000000e+04,2.844939698712152243e+00,6.189033454321608563e-01,6.627759168751988783e-01,1.563260436404792397e+00
4.690000000000000000e+04,2.870260310117048519e+00,6.251174961610910241e-01,6.672191716137310102e-01,1.577923642342226485e+00
4.700000000000000000e+04,2.877335671769694514e+00,6.137037406548672136e-01,6.763617221506232902e-01,1.587270208964204121e+00
4.710000000000000000e+04,2.875568156759658489e+00,6.053926716351915038e-01,6.796846467724915186e-01,1.590490838351975356e+00
4.720000000000000000e+04,2.894186638475490625e+00,5.930693428566309322e-01,6.730982498439195272e-01,1.628019045774940166e+00
4.730000000000000000e+04,2.902709837775135249e+00,5.870781939271511041e-01,6.756229637953117262e-01,1.640008680052672307e+00
4.740000000000000000e+04,2.913099758403483008e+00,5.885335819681524194e-01,6.735942147202456098e-01,1.650971961715085090e+00
4.750000000000000000e+04,2.930669200628816640e+00,5.963180829123798654e-01,6.782204239078730712e-01,1.656130693808563592e+00
4.760000000000000000e+04,2.911323994108262703e+00,6.048860155476287748e-01,6.696685065979535167e-01,1.636769471962680189e+00
4.770000000000000000e+04,2.916844115241040925e+00,5.991580081718159700e-01,6.818802287166114695e-01,1.635805878352613263e+00
4.780000000000000000e+04,2.941713861695888887e+00,5.900754423503050683e-01,6.840998140451937104e-01,1.667538605300390220e+00
4.790000000000000000e+04,2.945839037101740665e+00,5.828942131036335406e-01,7.010921067490323288e-01,1.661852717249075129e+00
4.800000000000000000e+04,2.922031162341330202e+00,5.703451465265934051e-01,7.027168665204304165e-01,1.648969149294306602e+00
4.810000000000000000e+04,2.933986070080335296e+00,5.793550084413113810e-01,6.979341677177379744e-01,1.656696893921286051e+00
4.820000000000000000e+04,2.965932598977956580e+00,6.040534692710517461e-01,7.081072946713430349e-01,1.653771835035562132e+00
4.830000000000000000e+04,2.992764075388296252e+00,6.097889251523488374e-01,7.244262997276509353e-01,1.658548850508296368e+00
4.840000000000000000e+04,3.060330251360928511e+00,6.124192477414170943e-01,7.351582102236978722e-01,1.712752793395813544e+00
4.850000000000000000e+04,3.104580606098760853e+00,5.995087779517305204e-01,7.487662538443258242e-01,1.756305574302704731e+00
4.860000000000000000e+04,3.124024904256849755e+00,6.187041086001003887e-01,7.436941104343262054e-01,1.761626685222423161e+00
4.870000000000000000e+04,3.090391621364852348e+00,6.449051822129996392e-01,7.370891081141777157e-01,1.708397331037675215e+00
4.880000000000000000e+04,3.090905642064492920e+00,6.689756534608871652e-01,7.291618535847768090e-01,1.692768135018829057e+00
4.890000000000000000e+04,3.111843826489750775e+00,6.851362678601652378e-01,7.303626840082686478e-01,1.696344874621317000e+00
4.900000000000000000e+04,3.154872287869835645e+00,6.860821540067829627e-01,7.251844337609441027e-01,1.743605700102108358e+00
4.910000000000000000e+04,3.267575433893915360e+00,7.169166591949706069e-01,7.498247763851721981e-01,1.800833998313772666e+00
4.920000000000000000e+04,3.402057228318064119e+00,7.426336698189076602e-01,7.975564296911517026e-01,1.861867128808004868e+00
4.930000000000000000e+04,3.417105473649737046e+00,7.560602312200408459e-01,7.897063881511875438e-01,1.871338854278508546e+00
4.940000000000000000e+04,3.442878821157416169e+00,7.647022638357341418e-01,7.795977367752707776e-01,1.898578820546411361e+00
4.950000000000000000e+04,3.435539087021814098e+00,7.702902210108735215e-01,7.676683657400952265e-01,1.897580500270845461e+00
4.960000000000000000e+04,3.572519134583075573e+00,8.176874153010246227e-01,8.210412614659791108e-01,1.933790457816071839e+00
4.970000000000000000e+04,3.608750821328038594e+00,8.629403593130998695e-01,8.619709630613886508e-01,1.883839498953550073e+00
4.980000000000000000e+04,3.601038984508394769e+00,8.983058442560801771e-01,9.415425627861193636e-01,1.761190577466195339e+00
4.990000000000000000e+04,3.576094797653206037e+00,9.026477258219459676e-01,9.548126375827056256e-01,1.718634434248554443e+00
5.000000000000000000e+04,3.538598686611249100e+00,7.506038130385979112e-01,1.013471432054929178e+00,1.774523441517722233e+00
