metric,model,anthracene_293K_Sharma_S,bulkAg_600K_Kapil,bulkAu_1500K_Kapil,bulkCu_1000K_Kapil,bulkCuAu_500K-Artrith_VASP,bulkCuZrAl_1500K_A.Wadowski-J.Schmidt_VASP,bulkLiMgAlZnSn_600K_J_Schmidt_VASP,bulkLiMgAlZnSn_900K_J_Schmidt_VASP,bulkMoS2_300K_NO-VdW_J.Kioseoglou_VASP,bulkPt3Co_300K_J.Kioseoglou_VASP,CsSnI3_500K_Ivor_VASP,MAPbBr3_300K_Ivor_VASP,naphthalene_295K_Sharma_S,pentacene_295K_Sharma_S,picene_295K_Sharma_S,tetracene_295K_Sharma_S,TiSe2_400K_Ivor_VASP
num atoms,,48.0,108.0,192.0,108.0,128.0,150.0,500.0,500.0,96.0,108.0,135.0,96.0,144.0,72.0,72.0,60.0,108.0
co2_emission (g),CHGNet,1.615473,2.122934,3.100146,3.560545,3.171377,3.273725,5.783475,5.448299,1.484325,1.986995,0.924311,1.492532,2.997837,2.571517,2.416942,1.238173,1.174496
co2_emission (g),DPA4,19.67402,27.134615,48.981626,38.801551,38.55654,43.835411,113.233949,112.534352,22.585419,30.830138,12.839693,20.809754,61.694974,20.557542,29.766743,24.698789,14.279472
co2_emission (g),eSEN,27.759125,36.559908,63.765614,52.354048,51.558587,57.438697,144.630631,143.984975,30.379098,42.058152,14.875486,28.521555,85.56516,42.781986,43.120243,34.541953,19.457179
co2_emission (g),MACE,4.56954,7.771872,13.735584,9.507234,10.231084,11.531894,36.636281,35.864947,6.802673,8.612617,6.850896,6.482764,15.761607,7.148771,7.123442,5.876024,6.067439
co2_emission (g),NequIP,3.302165,4.226577,7.365352,6.201001,5.985924,6.518757,17.526968,17.129965,3.64085,5.072359,1.904123,3.32081,10.350845,4.923103,4.895686,4.089836,2.362899
co2_emission (g),Nequix,3.874664,4.777982,9.102353,7.217013,7.02214,7.859366,14.627913,21.606556,1.432124,5.723738,2.53457,3.945892,8.203657,5.6743,5.590927,4.600379,3.394527
co2_emission (g),ORB,0.336161,0.676791,0.963749,0.445554,0.488517,0.912422,1.468481,1.448557,0.656328,0.626355,0.684624,0.588794,0.861341,0.530105,0.529182,0.502901,0.61501
co2_emission (g),SevenNet,2.621113,1.52659,5.194771,7.115072,7.508245,7.688539,19.354099,13.099431,3.849504,4.546417,2.778923,3.87597,11.995915,6.039323,5.794792,4.990353,2.016533
co2_emission (g/1 ns),CHGNet,161.54729999999998,212.2934,310.0146,356.05449999999996,317.1377,327.3725,578.3475,544.8299,148.43249999999998,198.6995,92.4311,149.2532,299.7837,257.1517,241.69420000000002,123.81729999999999,117.44959999999999
co2_emission (g/1 ns),DPA4,1967.4019999999998,2713.4615,4898.1626,3880.1551000000004,3855.6539999999995,4383.5411,11323.3949,11253.4352,2258.5419,3083.0138,1283.9693,2080.9754000000003,6169.4974,2055.7542000000003,2976.6743,2469.8789,1427.9472
co2_emission (g/1 ns),eSEN,2775.9125,3655.9908,6376.5614,5235.404799999999,5155.8587,5743.869699999999,14463.0631,14398.4975,3037.9098,4205.8152,1487.5486,2852.1555,8556.516,4278.198600000001,4312.0243,3454.1953,1945.7178999999999
co2_emission (g/1 ns),MACE,456.954,777.1872,1373.5584,950.7234,1023.1083999999998,1153.1894,3663.6280999999994,3586.4947,680.2673,861.2617,685.0895999999999,648.2764000000001,1576.1607,714.8770999999999,712.3442,587.6024,606.7439
co2_emission (g/1 ns),NequIP,330.2165,422.6577,736.5351999999999,620.1001,598.5924,651.8756999999999,1752.6968,1712.9964999999997,364.085,507.23589999999996,190.4123,332.08099999999996,1035.0845,492.31030000000004,489.56860000000006,408.98359999999997,236.28990000000002
co2_emission (g/1 ns),Nequix,387.4664,477.79819999999995,910.2353,721.7013,702.214,785.9366,1462.7912999999999,2160.6556,143.2124,572.3738,253.457,394.5892,820.3657,567.43,559.0926999999999,460.03790000000004,339.4527
co2_emission (g/1 ns),ORB,33.616099999999996,67.6791,96.3749,44.5554,48.851699999999994,91.2422,146.8481,144.8557,65.6328,62.6355,68.4624,58.879400000000004,86.1341,53.0105,52.918200000000006,50.2901,61.50099999999999
co2_emission (g/1 ns),SevenNet,262.11129999999997,152.659,519.4771000000001,711.5071999999999,750.8245,768.8539,1935.4099,1309.9431,384.9504,454.64169999999996,277.8923,387.597,1199.5915,603.9323,579.4792,499.03529999999995,201.65329999999997
co2_emission (g/1 ns/1 atom),CHGNet,3.3655687499999996,1.9656796296296295,1.6146593749999998,3.2968009259259254,2.47763828125,2.1824833333333333,1.156695,1.0896598,1.5461718749999998,1.8398101851851851,0.6846748148148148,1.5547208333333333,2.08183125,3.571551388888889,3.3568638888888893,2.0636216666666667,1.0874962962962962
co2_emission (g/1 ns/1 atom),DPA4,40.987541666666665,25.124643518518518,25.511263541666665,35.92736203703704,30.122296874999996,29.223607333333337,22.646789799999997,22.5068704,23.526478125,28.546424074074075,9.510883703703703,21.676827083333336,42.84373194444444,28.55214166666667,41.34269861111111,41.16464833333334,13.221733333333335
co2_emission (g/1 ns/1 atom),eSEN,57.83151041666667,33.85176666666667,33.21125729166666,48.47597037037036,40.28014609375,38.29246466666666,28.9261262,28.796995,31.644893749999998,38.94273333333334,11.01887851851852,29.709953125,59.420249999999996,59.41942500000001,59.889226388888886,57.569921666666666,18.01590648148148
co2_emission (g/1 ns/1 atom),MACE,9.519875,7.196177777777778,7.153949999999999,8.802994444444444,7.993034374999999,7.687929333333333,7.327256199999999,7.1729894000000005,7.086117708333333,7.974645370370371,5.074737777777777,6.752879166666667,10.945560416666666,9.92884861111111,9.893669444444445,9.793373333333333,5.617999074074074
co2_emission (g/1 ns/1 atom),NequIP,6.879510416666666,3.913497222222222,3.8361208333333328,5.741667592592592,4.676503125,4.345838,3.5053935999999997,3.4259929999999996,3.7925520833333333,4.696628703703703,1.4104614814814813,3.459177083333333,7.188086805555555,6.8376430555555565,6.79956388888889,6.816393333333333,2.1878694444444444
co2_emission (g/1 ns/1 atom),Nequix,8.072216666666668,4.424057407407407,4.740808854166667,6.682419444444444,5.486046875,5.239577333333333,2.9255826,4.3213112,1.4917958333333334,5.299757407407407,1.8774592592592592,4.110304166666666,5.696984027777777,7.880972222222222,7.765176388888888,7.667298333333334,3.1430805555555557
co2_emission (g/1 ns/1 atom),ORB,0.7003354166666665,0.6266583333333334,0.5019526041666666,0.41255,0.38165390624999995,0.6082813333333333,0.29369619999999996,0.2897114,0.683675,0.5799583333333334,0.5071288888888889,0.6133270833333334,0.5981534722222223,0.7362569444444444,0.734975,0.8381683333333334,0.5694537037037036
co2_emission (g/1 ns/1 atom),SevenNet,5.460652083333333,1.413509259259259,2.7056098958333337,6.588029629629629,5.86581640625,5.125692666666667,3.8708198,2.6198862,4.0099,4.20964537037037,2.0584614814814812,4.0374687499999995,8.330496527777777,8.387948611111112,8.048322222222222,8.317255,1.867160185185185
