t_fs,msd_angstrom2,msd_x,msd_y,msd_z
0.000000000000000000e+00,2.266913508760145175e-14,5.835841069649442430e-15,1.108788986551682264e-14,5.745404152435185097e-15
1.000000000000000000e+02,2.481864964705954024e-01,7.402874874784648451e-02,7.253855011346271864e-02,1.016191976092862131e-01
2.000000000000000000e+02,3.525753621630647316e-01,9.637772607367234290e-02,9.669266693703404414e-02,1.595049691523584279e-01
3.000000000000000000e+02,4.348581106406101404e-01,1.154150761167812428e-01,1.156779827989577597e-01,2.037650517248711102e-01
4.000000000000000000e+02,4.751113863750202615e-01,1.235154619914676094e-01,1.243376597007723738e-01,2.272582646827802366e-01
5.000000000000000000e+02,5.033215925584385575e-01,1.263106158106218346e-01,1.265462632764322859e-01,2.504647134713844370e-01
6.000000000000000000e+02,5.192707769522872940e-01,1.251106549360002096e-01,1.239212269007961692e-01,2.702388951154908181e-01
7.000000000000000000e+02,5.446574909379933160e-01,1.283171225775006086e-01,1.259728461026188018e-01,2.903675222578738779e-01
8.000000000000000000e+02,5.742522572660774260e-01,1.352781410482637725e-01,1.306571475008891092e-01,3.083169687169245443e-01
9.000000000000000000e+02,6.079780607659506231e-01,1.422438533108673075e-01,1.374310326621584755e-01,3.283031747929248123e-01
1.000000000000000000e+03,6.364431784929376335e-01,1.462329444023761915e-01,1.430492550336762980e-01,3.471609790568852549e-01
1.100000000000000000e+03,6.586072232030395490e-01,1.486984049690972809e-01,1.465969816113046609e-01,3.633118366226376073e-01
1.200000000000000000e+03,6.791697624919894594e-01,1.520059011156087714e-01,1.495162517202557884e-01,3.776476096561249829e-01
1.300000000000000000e+03,6.964697207772805321e-01,1.536385857808519328e-01,1.511516826299227623e-01,3.916794523665059202e-01
1.400000000000000000e+03,7.168224290945041099e-01,1.558740913120798821e-01,1.554379436701414929e-01,4.055103941122828459e-01
1.500000000000000000e+03,7.405558758536509023e-01,1.595148491810657598e-01,1.584701190654569658e-01,4.225709076071280657e-01
1.600000000000000000e+03,7.617310868928600653e-01,1.639649660958519550e-01,1.617061175938301343e-01,4.360600032031780038e-01
1.700000000000000000e+03,7.834789247214127839e-01,1.674949776580987593e-01,1.648477552059980367e-01,4.511361918573159602e-01
1.800000000000000000e+03,8.021373087526989520e-01,1.700175728378304496e-01,1.665018147666703641e-01,4.656179211481981106e-01
1.900000000000000000e+03,8.254557202973361596e-01,1.748405487048596552e-01,1.706147874374122908e-01,4.800003841550642414e-01
2.000000000000000000e+03,8.521964997867131908e-01,1.803862495212593675e-01,1.747344184120568633e-01,4.970758318533969877e-01
2.100000000000000000e+03,8.820641270309641513e-01,1.855136841354551314e-01,1.799475490137614209e-01,5.166028938817475158e-01
2.200000000000000000e+03,9.109664133462832547e-01,1.892266824535139003e-01,1.856542970004338711e-01,5.360854338923354279e-01
2.300000000000000000e+03,9.357079014084623836e-01,1.929525029631589395e-01,1.894845703740366538e-01,5.532708280712669291e-01
2.400000000000000000e+03,9.601697878183608204e-01,1.963100037426124267e-01,1.932997732225014698e-01,5.705600108532470349e-01
2.500000000000000000e+03,9.842537487299146681e-01,1.999855711843013528e-01,1.957130900141818008e-01,5.885550875314314867e-01
2.600000000000000000e+03,1.011755592794610026e+00,2.046211764851544324e-01,1.986801855086011981e-01,6.084542308008542566e-01
2.700000000000000000e+03,1.042813326413888353e+00,2.100613411422826704e-01,2.033109599555973090e-01,6.294410253160084290e-01
2.800000000000000000e+03,1.069054781818748578e+00,2.140399702369117085e-01,2.063981435672494202e-01,6.486166680145873942e-01
2.900000000000000000e+03,1.097513652986267685e+00,2.181676042091331702e-01,2.092530479451518710e-01,6.700930008319825326e-01
3.000000000000000000e+03,1.125914701114185013e+00,2.226567678550416263e-01,2.142136434978395843e-01,6.890442897613037188e-01
3.100000000000000000e+03,1.154292181517843963e+00,2.253781080630175016e-01,2.184749721030807834e-01,7.104391013517457054e-01
3.200000000000000000e+03,1.182540160165476806e+00,2.286658811032188099e-01,2.234986684612653429e-01,7.303756106009927640e-01
3.300000000000000000e+03,1.210648839037629321e+00,2.319127016741614755e-01,2.276053910969586536e-01,7.511307462665092194e-01
3.400000000000000000e+03,1.240694948801030151e+00,2.361931009698473305e-01,2.317841397730723285e-01,7.727177080581105750e-01
3.500000000000000000e+03,1.268691649646416231e+00,2.395611182452407339e-01,2.351014148966726891e-01,7.940291165045026966e-01
3.600000000000000000e+03,1.295265980889503732e+00,2.443203664665650476e-01,2.373449262890762190e-01,8.136006881338625485e-01
3.700000000000000000e+03,1.324471925564498109e+00,2.489671105637314696e-01,2.405027281393364857e-01,8.350020868614302927e-01
3.800000000000000000e+03,1.349592768575108792e+00,2.510328794324399593e-01,2.436121668796225048e-01,8.549477222630462725e-01
3.900000000000000000e+03,1.378024733840212734e+00,2.546983185806036554e-01,2.485984661375737759e-01,8.747279491220353309e-01
4.000000000000000000e+03,1.403863794269221366e+00,2.571893723854283831e-01,2.532847621840513264e-01,8.933896596997416006e-01
4.100000000000000000e+03,1.431080385210733441e+00,2.610663043275906481e-01,2.583529597709095516e-01,9.116611211122332969e-01
4.200000000000000000e+03,1.455811467590882202e+00,2.658737152096798950e-01,2.610303313800275138e-01,9.289074210011748489e-01
4.300000000000000000e+03,1.480648819811370309e+00,2.707065042126755583e-01,2.633226511231152034e-01,9.466196644755795475e-01
4.400000000000000000e+03,1.504238807845133863e+00,2.739002472996103221e-01,2.650296064119331274e-01,9.653089541335906354e-01
4.500000000000000000e+03,1.531739473429667875e+00,2.767895398330535439e-01,2.679539483237272646e-01,9.869959852728870109e-01
4.600000000000000000e+03,1.560019980876102830e+00,2.795310322861535024e-01,2.710970480445882291e-01,1.009391900545361320e+00
4.700000000000000000e+03,1.585883029848548231e+00,2.826449547017673147e-01,2.746604403253749549e-01,1.028577634821405740e+00
4.800000000000000000e+03,1.615124912938833424e+00,2.863404430725529637e-01,2.794585188402914366e-01,1.049325951025988912e+00
4.900000000000000000e+03,1.645235592329022722e+00,2.903133397258870763e-01,2.831715374220371007e-01,1.071750715181098768e+00
5.000000000000000000e+03,1.674917786498766104e+00,2.948788290050912142e-01,2.879235335712451715e-01,1.092115423922429551e+00
5.100000000000000000e+03,1.704750981472471949e+00,2.995000740496235880e-01,2.926882645743863476e-01,1.112562642848462069e+00
5.200000000000000000e+03,1.734866877484828152e+00,3.034367461640610775e-01,2.967124802161034136e-01,1.134717651104663716e+00
5.300000000000000000e+03,1.765325376656638356e+00,3.075658326323591485e-01,3.011251407341549724e-01,1.156634403290124347e+00
5.400000000000000000e+03,1.794785807866920102e+00,3.107565362059860337e-01,3.043587664514305069e-01,1.179670505209503562e+00
5.500000000000000000e+03,1.824895413241748754e+00,3.142380974373319424e-01,3.072112028365990843e-01,1.203446112967817561e+00
5.600000000000000000e+03,1.850875669528182499e+00,3.167281545655740715e-01,3.097013281110421179e-01,1.224446186851566587e+00
5.700000000000000000e+03,1.883174353140216084e+00,3.209551988169973558e-01,3.139089667117285209e-01,1.248310187611489930e+00
5.800000000000000000e+03,1.911212385518574086e+00,3.252047899436942280e-01,3.167845405176297757e-01,1.269223055057250305e+00
5.900000000000000000e+03,1.941713999550345848e+00,3.302780255586034719e-01,3.207455913402570968e-01,1.290690382651485280e+00
6.000000000000000000e+03,1.972735429602883173e+00,3.342896498452597176e-01,3.248013856832066004e-01,1.313644394074416910e+00
6.100000000000000000e+03,2.003418362543517350e+00,3.385779368754649465e-01,3.278373222208619819e-01,1.337003103447190311e+00
6.200000000000000000e+03,2.033607877697375610e+00,3.428420158243161153e-01,3.326082015245434009e-01,1.358157660348515927e+00
6.300000000000000000e+03,2.060073055778474771e+00,3.474499228523646455e-01,3.346197445747908783e-01,1.378003388351319414e+00
6.400000000000000000e+03,2.087190836783957781e+00,3.501855871602199133e-01,3.389752806691454512e-01,1.398029968954592306e+00
6.500000000000000000e+03,2.112641213120849848e+00,3.532398239640168747e-01,3.430786147177497525e-01,1.416322774439082943e+00
6.600000000000000000e+03,2.139938843733043328e+00,3.565686113576257976e-01,3.461606935242334537e-01,1.437209538851184298e+00
6.700000000000000000e+03,2.169524196600363108e+00,3.619417756785885398e-01,3.496898579014498520e-01,1.457892563020324550e+00
6.800000000000000000e+03,2.200315778397013311e+00,3.682878531329074612e-01,3.539944614116117272e-01,1.478033463852494123e+00
6.900000000000000000e+03,2.229933144413113411e+00,3.732512409819468413e-01,3.572339161042734634e-01,1.499447987326893106e+00
7.000000000000000000e+03,2.256954677764022588e+00,3.770662407966661189e-01,3.618043239938135147e-01,1.518084112973542732e+00
7.100000000000000000e+03,2.283406790665607033e+00,3.785937925650471048e-01,3.668923390789313177e-01,1.537920659021628333e+00
7.200000000000000000e+03,2.309270931134713489e+00,3.807578927024846127e-01,3.699686139350743530e-01,1.558544424497154024e+00
7.300000000000000000e+03,2.339341534753961227e+00,3.840225793994509473e-01,3.746163553733583562e-01,1.580702599981151701e+00
7.400000000000000000e+03,2.368936924396916055e+00,3.888466739479319867e-01,3.770615736299091636e-01,1.603028676819074905e+00
7.500000000000000000e+03,2.399707933282250405e+00,3.944735795988043026e-01,3.803185054868158943e-01,1.624915848196630153e+00
7.600000000000000000e+03,2.431042498834005805e+00,3.995838196443388668e-01,3.835780144522644153e-01,1.647880664737402689e+00
7.700000000000000000e+03,2.464600492605886206e+00,4.045392042936925558e-01,3.873714339290270647e-01,1.672689854383166308e+00
7.800000000000000000e+03,2.497105627715942244e+00,4.091637574026429358e-01,3.913728061355392085e-01,1.696569064177760211e+00
7.900000000000000000e+03,2.529247722561767109e+00,4.134798557407616815e-01,3.970681171855983682e-01,1.718699749635407281e+00
8.000000000000000000e+03,2.561641582994397925e+00,4.180811210938923383e-01,4.016140808248516714e-01,1.741946381075653916e+00
8.100000000000000000e+03,2.593425928874683262e+00,4.231179078352018119e-01,4.042466804271461212e-01,1.766061340612335329e+00
8.200000000000000000e+03,2.621520731655088365e+00,4.278258190089321289e-01,4.071088920832995339e-01,1.786586020562856758e+00
8.300000000000000000e+03,2.649654964059667606e+00,4.313972467564153312e-01,4.101106505140470482e-01,1.808147066789205004e+00
8.400000000000000000e+03,2.674489924061798529e+00,4.350770704012774659e-01,4.125415501389035344e-01,1.826871303521617529e+00
8.500000000000000000e+03,2.699088504096143648e+00,4.384098902371996176e-01,4.157342918293727152e-01,1.844944322029571593e+00
8.600000000000000000e+03,2.726884714223305028e+00,4.433813809626183655e-01,4.189604436395022447e-01,1.864542889621184640e+00
8.700000000000000000e+03,2.760127785420557256e+00,4.492690769901259706e-01,4.225973737980874279e-01,1.888261334632343802e+00
8.800000000000000000e+03,2.785767422232595436e+00,4.526479126824891064e-01,4.259052649158276971e-01,1.907214244634278799e+00
8.900000000000000000e+03,2.806338264956470763e+00,4.545728460950943517e-01,4.274289251840694970e-01,1.924336493677306636e+00
9.000000000000000000e+03,2.828043519217375401e+00,4.581603464355970545e-01,4.292131678370079695e-01,1.940670004944770044e+00
9.100000000000000000e+03,2.853135887261656567e+00,4.608412129638609911e-01,4.330423137238785802e-01,1.959252360573916940e+00
9.200000000000000000e+03,2.877286141465390301e+00,4.645023514139273169e-01,4.355150073594195592e-01,1.977268782692043869e+00
9.300000000000000000e+03,2.900781393532868790e+00,4.669853018545123136e-01,4.376898419898209713e-01,1.996106249688535117e+00
9.400000000000000000e+03,2.925158575226368018e+00,4.713685297166820831e-01,4.408039448502621416e-01,2.012986100659424071e+00
9.500000000000000000e+03,2.948555987566382708e+00,4.751347646877251418e-01,4.429467347106372244e-01,2.030474488168020120e+00
9.600000000000000000e+03,2.971591248659796403e+00,4.787831808242066778e-01,4.458854223379593029e-01,2.046922645497630810e+00
9.700000000000000000e+03,2.992109017442018626e+00,4.819994217644530399e-01,4.488946471000532235e-01,2.061214948577512640e+00
9.800000000000000000e+03,3.012234555857817853e+00,4.859905413898126803e-01,4.521748259121943225e-01,2.074069188555810683e+00
9.900000000000000000e+03,3.034816869012831209e+00,4.885406950750154631e-01,4.556956169793953682e-01,2.090580556958420377e+00
1.000000000000000000e+04,3.059966693553339834e+00,4.938146189943714570e-01,4.580873253527055766e-01,2.108064749206262523e+00
1.010000000000000000e+04,3.084383196566191199e+00,4.976905176280159160e-01,4.605298095885879128e-01,2.126162869349586870e+00
1.020000000000000000e+04,3.106337318056528130e+00,5.016434068467169327e-01,4.630658501571319197e-01,2.141628061052679222e+00
1.030000000000000000e+04,3.127908685218765417e+00,5.036525339956520186e-01,4.655870985486345592e-01,2.158669052674479172e+00
1.040000000000000000e+04,3.149624906531723667e+00,5.077692261990516265e-01,4.670601968104677870e-01,2.174795483522204531e+00
1.050000000000000000e+04,3.170857993255964402e+00,5.105584712682801340e-01,4.690442394359384259e-01,2.191255282551745509e+00
1.060000000000000000e+04,3.197618834202105020e+00,5.148821757190911175e-01,4.722481269020149530e-01,2.210488531580999005e+00
1.070000000000000000e+04,3.222334217077590157e+00,5.179941498726022830e-01,4.743442650494586466e-01,2.229995802155529727e+00
1.080000000000000000e+04,3.249395763353888356e+00,5.216246413200954501e-01,4.795856269006963934e-01,2.248185495133097067e+00
1.090000000000000000e+04,3.267112308771611850e+00,5.229265589753124832e-01,4.815048433343141476e-01,2.262680906461984609e+00
1.100000000000000000e+04,3.290257139607528192e+00,5.263320388067234123e-01,4.841812723597478940e-01,2.279743828441056941e+00
1.110000000000000000e+04,3.314384415051317756e+00,5.301952964086930065e-01,4.867541917211908875e-01,2.297434926921433362e+00
1.120000000000000000e+04,3.335159961127343919e+00,5.330535677214395252e-01,4.884051861355474533e-01,2.313701207270356885e+00
1.130000000000000000e+04,3.354567741668887493e+00,5.359285084505899244e-01,4.879612044130159365e-01,2.330678028805281965e+00
1.140000000000000000e+04,3.378219432210533224e+00,5.399732515739744665e-01,4.899425058613265382e-01,2.348303674775232164e+00
1.150000000000000000e+04,3.400792745626779023e+00,5.433170783318302943e-01,4.932222191557162905e-01,2.364253448139232550e+00
1.160000000000000000e+04,3.423955964558139442e+00,5.461042820923308616e-01,4.968597263868739233e-01,2.380991956078934546e+00
1.170000000000000000e+04,3.446851491657815902e+00,5.499494023627667927e-01,5.011091268925983444e-01,2.395792962402451209e+00
1.180000000000000000e+04,3.464443460052786694e+00,5.530550664837170505e-01,5.022450537608760257e-01,2.409143339808193840e+00
1.190000000000000000e+04,3.480970559539372289e+00,5.561996338040998689e-01,5.037306875538744011e-01,2.421040238181398241e+00
1.200000000000000000e+04,3.498489367564578512e+00,5.588412480621135492e-01,5.045001227549356093e-01,2.435147996747529131e+00
1.210000000000000000e+04,3.513463125260811726e+00,5.609577551129044659e-01,5.047253074915492022e-01,2.447780062656357725e+00
1.220000000000000000e+04,3.531669645738021668e+00,5.632325577910878289e-01,5.067299618385184834e-01,2.461707126108415356e+00
1.230000000000000000e+04,3.555418284920818905e+00,5.666744780336306908e-01,5.090989789488392647e-01,2.479644827938348950e+00
1.240000000000000000e+04,3.576883246032699137e+00,5.695466490817445715e-01,5.123420475144098152e-01,2.494994549436544862e+00
1.250000000000000000e+04,3.605695217629725224e+00,5.736323389267377060e-01,5.160733429360915281e-01,2.515989535766895990e+00
1.260000000000000000e+04,3.631414446376179939e+00,5.762938352622803961e-01,5.191268107932121012e-01,2.535993800320686997e+00
1.270000000000000000e+04,3.656999326312197596e+00,5.781099542295189408e-01,5.227657040132364097e-01,2.556123668069442356e+00
1.280000000000000000e+04,3.674715373815448771e+00,5.802171723879049337e-01,5.236138038664197580e-01,2.570884397561123524e+00
1.290000000000000000e+04,3.694108971229665972e+00,5.822192646675041772e-01,5.252445332433396397e-01,2.586645173318822710e+00
1.300000000000000000e+04,3.713886324022347640e+00,5.840357877420382371e-01,5.273688472412429995e-01,2.602481689039066293e+00
1.310000000000000000e+04,3.731933351091664353e+00,5.877722535054574760e-01,5.274764487161006654e-01,2.616684648870106322e+00
1.320000000000000000e+04,3.753418910615454962e+00,5.916645367951577361e-01,5.303392676089494495e-01,2.631415106211347332e+00
1.330000000000000000e+04,3.773918446714373598e+00,5.951310685890377483e-01,5.318965462671926270e-01,2.646890831858142779e+00
1.340000000000000000e+04,3.797130699492155870e+00,5.976435654993847990e-01,5.342688314497260338e-01,2.665218302543044704e+00
1.350000000000000000e+04,3.822427275188289286e+00,6.015551102101530656e-01,5.371001960578548617e-01,2.683771968920281026e+00
1.360000000000000000e+04,3.844509002630630334e+00,6.043761098867838077e-01,5.398573099004025933e-01,2.700275582843443711e+00
1.370000000000000000e+04,3.866469904106164535e+00,6.058368190649606744e-01,5.408770931521650338e-01,2.719755991889039048e+00
1.380000000000000000e+04,3.888372836490383122e+00,6.074614071561678097e-01,5.422722222091341804e-01,2.738639207125080688e+00
1.390000000000000000e+04,3.908289987441099900e+00,6.098878235011823135e-01,5.431169274099294508e-01,2.755285236529987802e+00
1.400000000000000000e+04,3.926377964057712777e+00,6.103093998029754941e-01,5.455294488701275535e-01,2.770539115384609730e+00
1.410000000000000000e+04,3.948854829116374976e+00,6.119049639705967936e-01,5.479211106943974174e-01,2.789028754451380987e+00
1.420000000000000000e+04,3.970060429969025861e+00,6.149482540088313520e-01,5.497158254482926720e-01,2.805396350511902170e+00
1.430000000000000000e+04,3.993503293729693926e+00,6.181698092076658435e-01,5.526859292677140933e-01,2.822647555254314877e+00
1.440000000000000000e+04,4.012993645779725504e+00,6.192726942823494340e-01,5.543881938786702213e-01,2.839332757618704850e+00
1.450000000000000000e+04,4.033262026310497461e+00,6.205378817953661752e-01,5.570026436085947497e-01,2.855721500906536647e+00
1.460000000000000000e+04,4.048026032040904276e+00,6.204277048845804332e-01,5.574413146350319925e-01,2.870157012521291851e+00
1.470000000000000000e+04,4.065597521565616823e+00,6.212657875632564553e-01,5.582503150927883295e-01,2.886081418909572260e+00
1.480000000000000000e+04,4.084976743275306355e+00,6.229214019660974655e-01,5.603011137773824535e-01,2.901754227531827102e+00
1.490000000000000000e+04,4.102074792949029103e+00,6.232309314275199519e-01,5.609854965894598422e-01,2.917858364932049309e+00
1.500000000000000000e+04,4.123000638199557422e+00,6.267053288978098324e-01,5.626763948872003374e-01,2.933618914414546808e+00
1.510000000000000000e+04,4.143893573746588288e+00,6.284091858927342011e-01,5.643393809032868358e-01,2.951145006950567140e+00
1.520000000000000000e+04,4.165290330520540429e+00,6.317840536104853966e-01,5.644289096745421785e-01,2.969077367235512188e+00
1.530000000000000000e+04,4.187268898291439001e+00,6.333756154320182574e-01,5.651131709391226110e-01,2.988780111920297688e+00
1.540000000000000000e+04,4.208119958841481711e+00,6.349575632030186600e-01,5.669468927309547768e-01,3.006215502907507275e+00
1.550000000000000000e+04,4.228288463398549801e+00,6.351072895425478038e-01,5.681526300791176487e-01,3.025028543776885126e+00
1.560000000000000000e+04,4.249365503298799140e+00,6.349632836758846155e-01,5.703418456697125771e-01,3.044060373953202170e+00
1.570000000000000000e+04,4.272105869411860546e+00,6.356290271481800369e-01,5.727776615311525044e-01,3.063699180732528671e+00
1.580000000000000000e+04,4.299398772473165486e+00,6.397483781021527927e-01,5.753589469654741828e-01,3.084291447405538289e+00
1.590000000000000000e+04,4.321478605786000848e+00,6.410198315327368945e-01,5.763717640923512464e-01,3.104087010160911930e+00
1.600000000000000000e+04,4.343642833924691082e+00,6.444521774122843327e-01,5.769869632192247133e-01,3.122203693293181814e+00
1.610000000000000000e+04,4.362713745592753156e+00,6.446944570735756441e-01,5.782470648131279312e-01,3.139772223706049914e+00
1.620000000000000000e+04,4.385555367296556817e+00,6.457479450485354988e-01,5.808748933252660951e-01,3.158932528922755889e+00
1.630000000000000000e+04,4.405202963526209992e+00,6.464055942563037283e-01,5.831139308525865594e-01,3.175683438417320037e+00
1.640000000000000000e+04,4.429373687132772908e+00,6.473319945167653744e-01,5.867436376514425511e-01,3.195298054964565093e+00
1.650000000000000000e+04,4.449959439800410976e+00,6.486169163727147913e-01,5.892374680413573484e-01,3.212105055386338837e+00
1.660000000000000000e+04,4.473942180733360807e+00,6.508285551614205744e-01,5.908892792480329170e-01,3.232224346323907316e+00
1.670000000000000000e+04,4.493923928232526066e+00,6.523619696748730323e-01,5.927855543161507645e-01,3.248776404241502380e+00
1.680000000000000000e+04,4.517174758306260252e+00,6.548103997235396045e-01,5.937487691964972170e-01,3.268615589386223874e+00
1.690000000000000000e+04,4.541150190797464070e+00,6.553344187388389086e-01,5.968987751277071707e-01,3.288916996930917325e+00
1.700000000000000000e+04,4.565150573086525831e+00,6.564766650543810700e-01,5.993728962572615337e-01,3.309301011774882451e+00
1.710000000000000000e+04,4.588166080241461664e+00,6.564675432828978030e-01,6.026161287662739063e-01,3.329082408192289844e+00
1.720000000000000000e+04,4.611277937101828428e+00,6.578527049894936640e-01,6.040630206400171565e-01,3.349362211472318052e+00
1.730000000000000000e+04,4.633449518901599617e+00,6.576749965271785348e-01,6.044696727496400301e-01,3.371304849624781497e+00
1.740000000000000000e+04,4.655702571435482717e+00,6.598946576417417109e-01,6.071749900171480308e-01,3.388632923776592865e+00
1.750000000000000000e+04,4.678882140554191160e+00,6.597219101843417866e-01,6.094644102341982839e-01,3.409695820135650646e+00
1.760000000000000000e+04,4.701712189532785580e+00,6.606455029876506790e-01,6.114744018283875260e-01,3.429592284716747486e+00
1.770000000000000000e+04,4.724985428530867004e+00,6.613571732672082204e-01,6.127529088521105338e-01,3.450875346411547806e+00
1.780000000000000000e+04,4.749381674514678409e+00,6.629769301869129494e-01,6.158245826517645405e-01,3.470580161676000586e+00
1.790000000000000000e+04,4.769761865538982626e+00,6.629540139047954694e-01,6.179048871129438902e-01,3.488902964521243266e+00
1.800000000000000000e+04,4.788226483170043402e+00,6.646466226645001418e-01,6.186639591057737642e-01,3.504915901399770828e+00
1.810000000000000000e+04,4.804905054268885145e+00,6.640286753340662873e-01,6.190856576124840194e-01,3.521790721322334949e+00
1.820000000000000000e+04,4.826471682917220285e+00,6.646521505067087832e-01,6.211612039398178853e-01,3.540658328470693395e+00
1.830000000000000000e+04,4.851117731635676833e+00,6.664777741476989315e-01,6.229893307682302650e-01,3.561650626719746970e+00
1.840000000000000000e+04,4.874389553199267588e+00,6.669581984209237424e-01,6.266914268864358650e-01,3.580739927891907204e+00
1.850000000000000000e+04,4.897004813380605448e+00,6.674630185908756452e-01,6.290697118569081869e-01,3.600472082932821394e+00
1.860000000000000000e+04,4.924581418592935300e+00,6.687475555060590215e-01,6.320783114240977607e-01,3.623755551662778629e+00
1.870000000000000000e+04,4.948478939008997379e+00,6.699415222574787165e-01,6.346243010190524281e-01,3.643913115732466235e+00
1.880000000000000000e+04,4.967202820685142406e+00,6.685633178607405247e-01,6.373663403433748043e-01,3.661273162481027299e+00
1.890000000000000000e+04,4.984652777231389997e+00,6.684066046722439980e-01,6.392487943471105716e-01,3.676997378212035983e+00
1.900000000000000000e+04,5.005280770208806906e+00,6.690038188844636968e-01,6.413297819795410470e-01,3.694947169344802163e+00
1.910000000000000000e+04,5.027088410681745501e+00,6.690675253929283528e-01,6.440403818190608698e-01,3.713980503469755945e+00
1.920000000000000000e+04,5.046586848849080376e+00,6.690966599033866258e-01,6.465361966167801899e-01,3.730953992328913671e+00
1.930000000000000000e+04,5.066575213767007035e+00,6.720369612713149587e-01,6.499213237027986478e-01,3.744616928792893873e+00
1.940000000000000000e+04,5.084666667190456124e+00,6.735948498355290859e-01,6.518198133846072606e-01,3.759252003970319667e+00
1.950000000000000000e+04,5.102496235974734340e+00,6.722698581973568510e-01,6.548786934723466180e-01,3.775347684305030427e+00
1.960000000000000000e+04,5.121521239921818847e+00,6.723836363316392228e-01,6.575240887161900583e-01,3.791613514873989121e+00
1.970000000000000000e+04,5.131920561255271629e+00,6.707933072432719079e-01,6.566046323863036216e-01,3.804522621625695766e+00
1.980000000000000000e+04,5.146882937393709057e+00,6.699956205233698059e-01,6.583226544269321634e-01,3.818564662443407087e+00
1.990000000000000000e+04,5.161764000652572015e+00,6.715075994800114856e-01,6.598185295698931752e-01,3.830437871602667688e+00
2.000000000000000000e+04,5.179431983690633956e+00,6.720711006349920913e-01,6.627005997995711883e-01,3.844660283256070787e+00
2.010000000000000000e+04,5.199558062299678873e+00,6.718720189483483596e-01,6.657288965480742116e-01,3.861957146803256080e+00
2.020000000000000000e+04,5.220817643725271573e+00,6.732179296468420171e-01,6.690698687559518687e-01,3.878529845322477687e+00
2.030000000000000000e+04,5.234787339988146826e+00,6.712807751375896581e-01,6.679927380351345922e-01,3.895513826815422576e+00
2.040000000000000000e+04,5.252443164511500839e+00,6.706476178885258932e-01,6.691589881264295991e-01,3.912636558496545458e+00
2.050000000000000000e+04,5.267835681635833822e+00,6.697802576760554238e-01,6.683369394161041699e-01,3.929718484543673895e+00
2.060000000000000000e+04,5.286730060016259891e+00,6.689565699390080944e-01,6.695990399992299835e-01,3.948174450078021369e+00
2.070000000000000000e+04,5.302604333812207749e+00,6.690515756213050169e-01,6.694538506086473717e-01,3.964098907582255915e+00
2.080000000000000000e+04,5.321022856022037395e+00,6.693860203238158890e-01,6.700706283742930980e-01,3.981566207323928186e+00
2.090000000000000000e+04,5.341876697848841893e+00,6.701881648178414919e-01,6.718637318269905512e-01,3.999824801204008740e+00
2.100000000000000000e+04,5.361700184249788670e+00,6.706522399238762366e-01,6.721413062328615018e-01,4.018906638093050709e+00
2.110000000000000000e+04,5.381405329114566705e+00,6.708928146821467875e-01,6.735236726078031033e-01,4.036988841824616259e+00
2.120000000000000000e+04,5.399739526882117779e+00,6.697749869557881874e-01,6.754160246030078696e-01,4.054548515323321389e+00
2.130000000000000000e+04,5.420382196905361383e+00,6.692221370531825642e-01,6.788327316129155742e-01,4.072327328239263800e+00
2.140000000000000000e+04,5.440985708579813895e+00,6.702206277125476452e-01,6.815925876090093150e-01,4.089172493258256935e+00
2.150000000000000000e+04,5.460155843866814074e+00,6.719498028262927969e-01,6.822696925817739455e-01,4.105936348458746998e+00
2.160000000000000000e+04,5.480407182112557507e+00,6.751002564176536991e-01,6.830814219472336468e-01,4.122225503747670494e+00
2.170000000000000000e+04,5.494419217254940868e+00,6.748548895197394870e-01,6.817487300077652579e-01,4.137815597727436234e+00
2.180000000000000000e+04,5.508302768250040060e+00,6.735151479177984291e-01,6.830965595890869935e-01,4.151691060743154083e+00
2.190000000000000000e+04,5.523417555350295771e+00,6.718652878224502523e-01,6.852815641836178528e-01,4.166270703344228110e+00
2.200000000000000000e+04,5.538815414061803999e+00,6.701522531747388101e-01,6.878001675647779090e-01,4.180862993322286947e+00
2.210000000000000000e+04,5.558458436947830705e+00,6.682942975058483448e-01,6.901765427516637352e-01,4.199987596690317737e+00
2.220000000000000000e+04,5.577902018280611607e+00,6.693056418035626676e-01,6.930638670406109592e-01,4.215532509436438424e+00
2.230000000000000000e+04,5.596456832879713517e+00,6.698493004179947308e-01,6.933981382681940753e-01,4.233209394193524489e+00
2.240000000000000000e+04,5.616125523008753895e+00,6.703545954846936716e-01,6.942188136599470871e-01,4.251552113864112137e+00
2.250000000000000000e+04,5.637504781602846293e+00,6.703979151041554729e-01,6.955687874809662885e-01,4.271538079017723533e+00
2.260000000000000000e+04,5.654441780232737358e+00,6.689531835626850720e-01,6.950591473772226303e-01,4.290429449292829212e+00
2.270000000000000000e+04,5.675143960065006432e+00,6.670412757936413639e-01,6.976111334763569483e-01,4.310491550795007676e+00
2.280000000000000000e+04,5.697965706206148617e+00,6.659575847128730297e-01,7.000396292522280683e-01,4.331968492241048629e+00
2.290000000000000000e+04,5.727631937217427804e+00,6.657354139779073643e-01,7.046222198772702505e-01,4.357274303362250301e+00
2.300000000000000000e+04,5.754052103040621091e+00,6.658666139990917499e-01,7.070727526783979755e-01,4.381112736363131255e+00
2.310000000000000000e+04,5.782424580586958740e+00,6.678873023625868655e-01,7.090409889929215614e-01,4.405496289231449758e+00
2.320000000000000000e+04,5.805730873166472072e+00,6.667391846235067865e-01,7.104499214637085558e-01,4.428541767079256175e+00
2.330000000000000000e+04,5.832507368558328409e+00,6.675604569096758034e-01,7.129776374396223915e-01,4.451969274209030658e+00
2.340000000000000000e+04,5.857963386139093842e+00,6.681000396038253575e-01,7.159580718184826997e-01,4.473905274716785563e+00
2.350000000000000000e+04,5.882144730912654218e+00,6.688248745931691941e-01,7.175655886565328601e-01,4.495754267662952941e+00
2.360000000000000000e+04,5.905383166819865970e+00,6.690153926652485650e-01,7.190288737837827737e-01,4.517338900370834409e+00
2.370000000000000000e+04,5.928893999094669631e+00,6.690736148126754657e-01,7.203420660621698834e-01,4.539478318219824615e+00
2.380000000000000000e+04,5.950679950812712171e+00,6.693313396211308941e-01,7.219114513538187339e-01,4.559437159837762543e+00
2.390000000000000000e+04,5.971736786752244619e+00,6.676504980487204532e-01,7.234961453810332399e-01,4.580590143322490704e+00
2.400000000000000000e+04,5.991442338621553176e+00,6.671054408405444613e-01,7.251297926548755379e-01,4.599207105126132511e+00
2.410000000000000000e+04,6.006400632997426214e+00,6.652347694029390190e-01,7.270439963230667102e-01,4.614121867271420818e+00
2.420000000000000000e+04,6.026140766425609030e+00,6.666113692570436733e-01,7.282481712958657205e-01,4.631281225872700524e+00
2.430000000000000000e+04,6.046955287371716281e+00,6.661065932528950073e-01,7.308188125108698863e-01,4.650029881607951943e+00
2.440000000000000000e+04,6.067617412363939700e+00,6.652715030187148493e-01,7.303139356106246316e-01,4.672031973734600108e+00
2.450000000000000000e+04,6.091342756508619338e+00,6.638851178728029101e-01,7.328868699492711025e-01,4.694570768686545215e+00
2.460000000000000000e+04,6.112371614359581429e+00,6.631450416811134341e-01,7.321226372911638913e-01,4.717103935387304325e+00
2.470000000000000000e+04,6.134438032951675446e+00,6.638728238087288069e-01,7.327423567032345098e-01,4.737822852439712129e+00
2.480000000000000000e+04,6.160919881917216401e+00,6.661175231633175153e-01,7.336907575056693664e-01,4.761111601248228631e+00
2.490000000000000000e+04,6.185447230544972363e+00,6.671705490463085697e-01,7.354684683404165702e-01,4.782808213158247668e+00
2.500000000000000000e+04,6.208317285485544623e+00,6.666958757959693394e-01,7.381240598660258057e-01,4.803497349823548923e+00
2.510000000000000000e+04,6.230711071149705127e+00,6.665945200100320545e-01,7.398519892755706095e-01,4.824264561864102241e+00
2.520000000000000000e+04,6.250886443134220372e+00,6.649213634902543246e-01,7.413083397926149010e-01,4.844656739851351368e+00
2.530000000000000000e+04,6.274089855233598634e+00,6.654272117080566318e-01,7.415411425841208493e-01,4.867121500941419932e+00
2.540000000000000000e+04,6.300102679105338943e+00,6.655838701267443591e-01,7.430150073187684612e-01,4.891503801659824902e+00
2.550000000000000000e+04,6.327857182014830606e+00,6.674288540053400220e-01,7.430314759879027564e-01,4.917396852021586717e+00
2.560000000000000000e+04,6.354826159040032785e+00,6.668462516472849488e-01,7.450245644863290329e-01,4.942955342906418359e+00
2.570000000000000000e+04,6.379541195140279619e+00,6.649909173744670277e-01,7.473730069695040390e-01,4.967177270796308441e+00
2.580000000000000000e+04,6.407888734134520980e+00,6.643392878813881852e-01,7.519044207090740395e-01,4.991645025544059422e+00
2.590000000000000000e+04,6.435356229687435814e+00,6.642015321646739245e-01,7.542630981014560865e-01,5.016891599421305692e+00
2.600000000000000000e+04,6.464895635892710324e+00,6.647816727356189448e-01,7.562745133024885158e-01,5.043839449854602641e+00
2.610000000000000000e+04,6.496261240756804334e+00,6.664287475484803602e-01,7.579985122824441923e-01,5.071833980925879892e+00
2.620000000000000000e+04,6.530720252386083224e+00,6.691011772083513831e-01,7.618221627580966659e-01,5.099796912419635397e+00
2.630000000000000000e+04,6.560587441663912500e+00,6.705753479820194540e-01,7.634399049077010835e-01,5.126572188774193073e+00
2.640000000000000000e+04,6.592043839869762500e+00,6.710721588165137197e-01,7.673264208777043072e-01,5.153645260175545140e+00
2.650000000000000000e+04,6.617621241234043161e+00,6.710078625484734438e-01,7.700466900383977631e-01,5.176566688647171510e+00
2.660000000000000000e+04,6.639248437980256767e+00,6.704497340805771755e-01,7.706389826797765963e-01,5.198159721219902885e+00
2.670000000000000000e+04,6.663359156544927941e+00,6.715070321993422686e-01,7.712093752825298631e-01,5.220642749063056698e+00
2.680000000000000000e+04,6.687689377431837556e+00,6.730879996671376153e-01,7.742723358593476268e-01,5.240329041905352092e+00
2.690000000000000000e+04,6.714405749955183467e+00,6.741093088505647479e-01,7.772395240978502429e-01,5.263056917006768032e+00
2.700000000000000000e+04,6.734602572620619121e+00,6.739483334508702406e-01,7.796672038524158355e-01,5.280987035317331824e+00
2.710000000000000000e+04,6.757591582466223379e+00,6.749206954305639883e-01,7.816009356857712698e-01,5.301069951349888676e+00
2.720000000000000000e+04,6.780396101731160030e+00,6.742849962988187729e-01,7.830967590393878019e-01,5.323014346392954899e+00
2.730000000000000000e+04,6.808135782540104763e+00,6.749041350076981916e-01,7.845567234551301672e-01,5.348674924077275961e+00
2.740000000000000000e+04,6.832872767385282486e+00,6.755517233306117530e-01,7.855890676945077589e-01,5.371731976360163863e+00
2.750000000000000000e+04,6.863079911502651953e+00,6.786257527813105428e-01,7.876616139580785436e-01,5.396792544763262534e+00
2.760000000000000000e+04,6.884296388421262236e+00,6.780131458952203261e-01,7.894363203319705313e-01,5.416846922194070935e+00
2.770000000000000000e+04,6.910196080930002260e+00,6.766634062835520380e-01,7.918392504087745642e-01,5.441693424237674215e+00
2.780000000000000000e+04,6.930274859281695399e+00,6.742354996579155157e-01,7.938442777438412534e-01,5.462195081879937852e+00
2.790000000000000000e+04,6.955838097736083192e+00,6.733156090672696159e-01,7.941740688640576140e-01,5.488348419804755629e+00
2.800000000000000000e+04,6.988506518615122509e+00,6.745088450330531948e-01,7.964525865280887018e-01,5.517545087053981945e+00
2.810000000000000000e+04,7.025662980121961887e+00,6.769820978279194046e-01,7.969107096437504367e-01,5.551770172650293489e+00
2.820000000000000000e+04,7.059158149304065155e+00,6.778198073492736064e-01,7.987409427434993825e-01,5.582597399211292277e+00
2.830000000000000000e+04,7.091426394049288540e+00,6.799344387578621918e-01,7.997318957738300815e-01,5.611760059517595600e+00
2.840000000000000000e+04,7.122300368342688870e+00,6.794422537961853914e-01,7.998842320407603124e-01,5.642973882505742722e+00
2.850000000000000000e+04,7.156731887821424998e+00,6.799501346329354101e-01,8.037437111455002503e-01,5.673038042042989559e+00
2.860000000000000000e+04,7.182791091870934785e+00,6.802679015248367378e-01,8.036433654108480207e-01,5.698879824935250582e+00
2.870000000000000000e+04,7.216055177304627755e+00,6.836093586850567894e-01,8.071820703071512781e-01,5.725263748312419132e+00
2.880000000000000000e+04,7.249004161522488054e+00,6.867161417470186713e-01,8.098475594626743934e-01,5.752440460312794990e+00
2.890000000000000000e+04,7.277146037675644941e+00,6.853340053192816805e-01,8.115714973917004249e-01,5.780240534964661947e+00
2.900000000000000000e+04,7.311067076482362204e+00,6.873232283100735307e-01,8.149116438461120326e-01,5.808832204326176196e+00
2.910000000000000000e+04,7.341820700206997508e+00,6.877277449694257916e-01,8.152573255619012249e-01,5.838835629675671157e+00
2.920000000000000000e+04,7.375628658085464195e+00,6.900669411559189337e-01,8.175154903764442205e-01,5.868046226553101263e+00
2.930000000000000000e+04,7.405609907992008800e+00,6.937850719475698869e-01,8.176381527483358447e-01,5.894186683296102736e+00
2.940000000000000000e+04,7.431256865401530298e+00,6.933552110252788614e-01,8.212723796363524675e-01,5.916629274739899635e+00
2.950000000000000000e+04,7.458588501322263475e+00,6.949029279738200282e-01,8.233047086628807465e-01,5.940380864685562479e+00
2.960000000000000000e+04,7.487498901750316627e+00,6.955087890493859559e-01,8.251992948905727543e-01,5.966790817810358583e+00
2.970000000000000000e+04,7.513403351659685647e+00,6.953018787888116670e-01,8.270289738296381366e-01,5.991072499041234956e+00
2.980000000000000000e+04,7.540320554677461651e+00,6.962401120378385322e-01,8.286174118463628391e-01,6.015463030793260835e+00
2.990000000000000000e+04,7.567908729737173879e+00,6.974173187565608778e-01,8.312572919844519737e-01,6.039234118996161804e+00
3.000000000000000000e+04,7.595116193786751069e+00,6.987811960706605818e-01,8.334733613931110119e-01,6.062861636322979031e+00
3.010000000000000000e+04,7.622399290139580508e+00,6.985174511413544396e-01,8.384176301824352029e-01,6.085464208815790421e+00
3.020000000000000000e+04,7.646317592562435372e+00,6.973373921207031145e-01,8.389933906011616260e-01,6.109986809840569855e+00
3.030000000000000000e+04,7.673793577779463249e+00,6.978287895148774789e-01,8.422555675217889837e-01,6.133709220742797008e+00
3.040000000000000000e+04,7.702933762672992124e+00,6.991024790303348446e-01,8.437198575041224835e-01,6.160111426138535684e+00
3.050000000000000000e+04,7.731398672283929407e+00,6.967390022010878647e-01,8.467919868442970177e-01,6.187867683238543748e+00
3.060000000000000000e+04,7.757232960828342350e+00,6.960500024408516895e-01,8.504409995173709547e-01,6.210741958870118928e+00
3.070000000000000000e+04,7.787240307276417361e+00,6.951482067107986884e-01,8.543637137040581697e-01,6.237728386861562058e+00
3.080000000000000000e+04,7.820264675783309194e+00,6.969660598207022550e-01,8.589046422525831170e-01,6.264393973710023822e+00
3.090000000000000000e+04,7.852822099454819238e+00,6.988038878621830596e-01,8.620350958493251392e-01,6.291983115743311039e+00
3.100000000000000000e+04,7.878581880113332936e+00,6.992844164552759478e-01,8.625305415159075784e-01,6.316766922142149632e+00
3.110000000000000000e+04,7.911807231415051156e+00,7.015050930078992053e-01,8.656375983792258255e-01,6.344664540027925348e+00
3.120000000000000000e+04,7.940757382739987769e+00,7.031441550100517857e-01,8.691277608504655028e-01,6.368485466879469925e+00
3.130000000000000000e+04,7.973930138595899386e+00,7.067226685114896823e-01,8.720709105197582689e-01,6.395136559564651435e+00
3.140000000000000000e+04,8.007903493709061848e+00,7.121938733742063654e-01,8.765073297659879970e-01,6.419202290568867930e+00
3.150000000000000000e+04,8.039009911500018646e+00,7.148975170704798821e-01,8.788546329256261558e-01,6.445257761503913052e+00
3.160000000000000000e+04,8.073828550402403437e+00,7.171687889746114486e-01,8.836589614307767127e-01,6.473000799997014276e+00
3.170000000000000000e+04,8.099741714644208557e+00,7.198516630989834075e-01,8.861883504493630603e-01,6.493701701095862866e+00
3.180000000000000000e+04,8.124332429590062077e+00,7.217584908907218599e-01,8.885149477809742846e-01,6.514058990918367265e+00
3.190000000000000000e+04,8.146492937200109807e+00,7.230737230131842885e-01,8.920028012846591414e-01,6.531416412902267155e+00
3.200000000000000000e+04,8.164766336418463055e+00,7.236451685329720052e-01,8.962714384157863812e-01,6.544849729469704336e+00
3.210000000000000000e+04,8.179794672692271007e+00,7.242041947323434314e-01,8.975473525203397918e-01,6.558043125439588117e+00
3.220000000000000000e+04,8.193179563446101099e+00,7.228711391865484392e-01,9.001292365741498935e-01,6.570179187685404543e+00
3.230000000000000000e+04,8.210414568579645689e+00,7.219236411378204821e-01,9.007015106640263724e-01,6.587789416777797946e+00
3.240000000000000000e+04,8.238869170819667076e+00,7.231786407437489350e-01,9.049550793005677329e-01,6.610735450775348632e+00
3.250000000000000000e+04,8.266623026650899320e+00,7.265694563159518227e-01,9.092103547710821410e-01,6.630843215563865023e+00
3.260000000000000000e+04,8.290407967275235990e+00,7.289281713975208632e-01,9.139683190694783965e-01,6.647511476808236175e+00
3.270000000000000000e+04,8.318627923554240411e+00,7.314678709098227927e-01,9.186762348810234569e-01,6.668483817763394050e+00
3.280000000000000000e+04,8.348810552120012218e+00,7.361614108116637523e-01,9.215922741042553712e-01,6.691056867204092207e+00
3.290000000000000000e+04,8.381484947739641811e+00,7.386996094189397510e-01,9.248385218084206327e-01,6.717946816512281316e+00
3.300000000000000000e+04,8.413216188389137429e+00,7.398876218963623685e-01,9.269633522780944546e-01,6.746365214214681494e+00
3.310000000000000000e+04,8.444730386482447670e+00,7.406117093562208931e-01,9.294747872293513957e-01,6.774643889896875493e+00
3.320000000000000000e+04,8.476974307779352458e+00,7.410008114504464949e-01,9.336566756821221835e-01,6.802316820646784556e+00
3.330000000000000000e+04,8.509629049888049579e+00,7.445854884702964860e-01,9.386981084648696738e-01,6.826345452952883086e+00
3.340000000000000000e+04,8.537059852340709298e+00,7.473472625534615110e-01,9.449263616674979938e-01,6.844786228119748905e+00
3.350000000000000000e+04,8.569847810977281100e+00,7.507962758121454749e-01,9.517232620908856466e-01,6.867328273074252643e+00
3.360000000000000000e+04,8.596804985625341899e+00,7.520257211928423891e-01,9.538226554322576378e-01,6.890956609000241428e+00
3.370000000000000000e+04,8.618321905085069901e+00,7.540150622946167891e-01,9.550610168759665619e-01,6.909245825914486439e+00
3.380000000000000000e+04,8.637012519986223325e+00,7.541618709586209723e-01,9.561644895378464959e-01,6.926686159489757522e+00
3.390000000000000000e+04,8.661631465751925774e+00,7.574973786374528117e-01,9.601436855192537756e-01,6.943990401595219630e+00
3.400000000000000000e+04,8.686639015522837681e+00,7.594532360441416108e-01,9.631172740943618749e-01,6.964068505384335417e+00
3.410000000000000000e+04,8.707321437513206419e+00,7.629389700742684743e-01,9.669570208370097397e-01,6.977425446601927206e+00
3.420000000000000000e+04,8.729482120040740867e+00,7.679346908329467425e-01,9.724904997834395992e-01,6.989056929424354081e+00
3.430000000000000000e+04,8.748981473081778759e+00,7.714127465700760800e-01,9.768591984112963145e-01,7.000709528100405699e+00
3.440000000000000000e+04,8.773469227699019157e+00,7.746540822559370154e-01,9.818990724282318228e-01,7.016916073014851207e+00
3.450000000000000000e+04,8.804670173225337848e+00,7.781484164918661683e-01,9.867182345867117066e-01,7.039803522146759640e+00
3.460000000000000000e+04,8.833056027870570759e+00,7.848261070761767266e-01,9.896826641812904723e-01,7.058547256613103116e+00
3.470000000000000000e+04,8.859073162062644613e+00,7.899358447515245629e-01,9.934649546643217199e-01,7.075672362646798774e+00
3.480000000000000000e+04,8.881552191864695800e+00,7.949759044937541042e-01,9.961104081232853291e-01,7.090465879247656922e+00
3.490000000000000000e+04,8.901258857415086823e+00,7.975330741965129810e-01,9.991113453826923063e-01,7.104614437835881979e+00
3.500000000000000000e+04,8.922635490609758691e+00,7.998916160008682219e-01,1.002300102284323646e+00,7.120443772324566822e+00
3.510000000000000000e+04,8.942441719826510038e+00,8.029763838927829189e-01,1.006617411993345756e+00,7.132847923940379253e+00
3.520000000000000000e+04,8.969423076586977572e+00,8.068166474320631609e-01,1.011133130770200284e+00,7.151473298384715349e+00
3.530000000000000000e+04,8.999861090656592566e+00,8.116062143676284757e-01,1.013354496239440516e+00,7.174900380049522575e+00
3.540000000000000000e+04,9.028196889123551117e+00,8.164910980173135657e-01,1.016047377014433373e+00,7.195658414091805177e+00
3.550000000000000000e+04,9.050136690156248775e+00,8.201467970139185715e-01,1.019459366229039654e+00,7.210530526913291105e+00
3.560000000000000000e+04,9.069958766769445901e+00,8.256748155955279111e-01,1.023264987499400869e+00,7.221018963674517011e+00
3.570000000000000000e+04,9.086344730100364586e+00,8.316071275942965579e-01,1.024772196419008852e+00,7.229965406087058177e+00
3.580000000000000000e+04,9.099224033409091916e+00,8.345736153476593921e-01,1.025318099338079714e+00,7.239332318723352699e+00
3.590000000000000000e+04,9.121145522006386841e+00,8.395164555381876559e-01,1.031459997586511079e+00,7.250169068881686663e+00
3.600000000000000000e+04,9.132234722194587206e+00,8.419858934154654806e-01,1.032312955106141628e+00,7.257935873672979987e+00
3.610000000000000000e+04,9.148543722137194578e+00,8.435396108684104499e-01,1.035566523617066581e+00,7.269437587651718324e+00
3.620000000000000000e+04,9.161292189154226051e+00,8.448493731139853358e-01,1.037661231242031912e+00,7.278781584798207582e+00
3.630000000000000000e+04,9.176122345689703863e+00,8.503141160481740846e-01,1.038911460043864254e+00,7.286896769597665191e+00
3.640000000000000000e+04,9.186983935825940861e+00,8.520808963991406415e-01,1.040326542673973176e+00,7.294576496752827488e+00
3.650000000000000000e+04,9.200426211017731504e+00,8.603347137905763553e-01,1.042318368444200560e+00,7.297773128782954366e+00
3.660000000000000000e+04,9.214192939754410006e+00,8.661256263237847586e-01,1.043737784782544864e+00,7.304329528648080050e+00
3.670000000000000000e+04,9.233545102554002071e+00,8.702607419362434760e-01,1.047509717969670406e+00,7.315774642648086967e+00
3.680000000000000000e+04,9.248295498796897718e+00,8.739794113790630981e-01,1.049573043615072088e+00,7.324743043802762088e+00
3.690000000000000000e+04,9.261176723916717535e+00,8.764512206673208405e-01,1.051317509659250859e+00,7.333407993590145502e+00
3.700000000000000000e+04,9.264494989866737029e+00,8.782740840071877608e-01,1.051720152023968291e+00,7.334500753835581754e+00
3.710000000000000000e+04,9.270613624322407986e+00,8.851400608566354355e-01,1.053525007705494732e+00,7.331948555760278374e+00
3.720000000000000000e+04,9.277600225669496936e+00,8.917294621075185779e-01,1.057400974992118492e+00,7.328469788569859311e+00
3.730000000000000000e+04,9.291142356874388497e+00,8.977862682378615622e-01,1.061846056145272943e+00,7.331510032491252993e+00
3.740000000000000000e+04,9.306983040141123098e+00,9.023021094502947648e-01,1.064477259303477474e+00,7.340203671387349971e+00
3.750000000000000000e+04,9.324791885151096693e+00,9.100420872901354707e-01,1.069558545515560288e+00,7.345191252345401267e+00
3.760000000000000000e+04,9.334584035439418059e+00,9.126007918450929068e-01,1.070983044346368818e+00,7.351000199247955891e+00
3.770000000000000000e+04,9.353166294565886218e+00,9.172453609459457757e-01,1.072071520279703760e+00,7.363849413340236794e+00
3.780000000000000000e+04,9.365089462442933055e+00,9.201831126830448682e-01,1.072180371344697791e+00,7.372725978415192394e+00
3.790000000000000000e+04,9.378584293646417436e+00,9.247814583330146165e-01,1.075695564682209948e+00,7.378107270631192982e+00
3.800000000000000000e+04,9.390767358544650278e+00,9.301378365273919036e-01,1.078550020615197225e+00,7.382079501402060373e+00
3.810000000000000000e+04,9.409933470121821131e+00,9.366917469543333263e-01,1.084497193602949716e+00,7.388744529564537977e+00
3.820000000000000000e+04,9.431065399291240325e+00,9.439069883586544973e-01,1.087462933825596778e+00,7.399695477106988051e+00
3.830000000000000000e+04,9.454014588487650528e+00,9.473579207087992060e-01,1.090334929890169668e+00,7.416321737888682541e+00
3.840000000000000000e+04,9.468224394061827809e+00,9.525796296520810946e-01,1.090234981001902081e+00,7.425409783407843634e+00
3.850000000000000000e+04,9.477295891134415839e+00,9.563242334294619340e-01,1.093074983301610237e+00,7.427896674403342558e+00
3.860000000000000000e+04,9.483038573263906201e+00,9.641961184967998699e-01,1.094256941523892523e+00,7.424585513243214585e+00
3.870000000000000000e+04,9.487724480953163564e+00,9.710622826444813560e-01,1.095979333061702699e+00,7.420682865246980953e+00
3.880000000000000000e+04,9.500213795831429664e+00,9.806769846237693988e-01,1.098593907373442757e+00,7.420942903834216509e+00
3.890000000000000000e+04,9.503149776236273993e+00,9.851871414259245618e-01,1.101522364727724801e+00,7.416440270082624409e+00
3.900000000000000000e+04,9.507187447694455784e+00,9.923394592385091917e-01,1.101617206900868506e+00,7.413230781555078863e+00
3.910000000000000000e+04,9.508541909832061378e+00,9.999411508148566829e-01,1.102334396581326148e+00,7.406266362435879103e+00
3.920000000000000000e+04,9.505679958111857175e+00,1.005412595795780240e+00,1.103906364735563139e+00,7.396360997580515573e+00
3.930000000000000000e+04,9.497902302122334106e+00,1.010533962305316669e+00,1.103809254184870525e+00,7.383559085632146690e+00
3.940000000000000000e+04,9.506341544896054430e+00,1.016217847724796952e+00,1.110571852555727546e+00,7.379551844615530598e+00
3.950000000000000000e+04,9.503927708964319265e+00,1.023953390477792658e+00,1.111343780416324645e+00,7.368630538070202185e+00
3.960000000000000000e+04,9.506946147757508569e+00,1.029646716472143009e+00,1.114115915107104504e+00,7.363183516178263055e+00
3.970000000000000000e+04,9.519797718330186953e+00,1.038451683227833877e+00,1.115335317482012423e+00,7.366010717620341097e+00
3.980000000000000000e+04,9.528741348560815894e+00,1.043351267186469311e+00,1.116225111665190672e+00,7.369164969709156132e+00
3.990000000000000000e+04,9.534081014003881194e+00,1.047096982310620206e+00,1.116650944127516754e+00,7.370333087565744457e+00
4.000000000000000000e+04,9.537031620088745498e+00,1.050670283571277341e+00,1.115835255960092587e+00,7.370526080557375792e+00
4.010000000000000000e+04,9.543374757465633351e+00,1.054853781004102542e+00,1.113689529767639241e+00,7.374831446693890236e+00
4.020000000000000000e+04,9.561141364438029200e+00,1.058775023327318099e+00,1.119157214486623753e+00,7.383209126624088015e+00
4.030000000000000000e+04,9.571512133423953017e+00,1.060183963296625231e+00,1.122059102162886512e+00,7.389269067964440829e+00
4.040000000000000000e+04,9.582077602598472410e+00,1.067245396303534655e+00,1.121944262974752915e+00,7.392887943320185506e+00
4.050000000000000000e+04,9.593615048673155954e+00,1.072341421784738902e+00,1.121633789237019618e+00,7.399639837651396768e+00
4.060000000000000000e+04,9.600361843580420995e+00,1.078601560710626517e+00,1.120551221703185663e+00,7.401209061166608372e+00
4.070000000000000000e+04,9.604376806860420501e+00,1.082082823221040657e+00,1.118587624312765927e+00,7.403706359326612585e+00
4.080000000000000000e+04,9.600112659445338537e+00,1.083631718878178773e+00,1.115889520902789478e+00,7.400591419664372950e+00
4.090000000000000000e+04,9.605889324810219065e+00,1.087717542499565093e+00,1.111435262087969500e+00,7.406736520222683140e+00
4.100000000000000000e+04,9.619643223141151722e+00,1.090959679917173908e+00,1.112280200997270097e+00,7.416403342226707274e+00
4.110000000000000000e+04,9.636304167765743500e+00,1.094607287910958293e+00,1.112355470527697454e+00,7.429341409327086865e+00
4.120000000000000000e+04,9.657262396720399877e+00,1.097527760194775714e+00,1.112909513341732604e+00,7.446825123183892003e+00
4.130000000000000000e+04,9.677840725529753385e+00,1.101376442199571093e+00,1.113178400946772673e+00,7.463285882383409842e+00
4.140000000000000000e+04,9.695777372755864931e+00,1.103564565137741260e+00,1.116092212816439888e+00,7.476120594801685115e+00
4.150000000000000000e+04,9.710909258795553001e+00,1.108926085910484582e+00,1.116089373234839588e+00,7.485893799650228608e+00
4.160000000000000000e+04,9.729234172420623494e+00,1.108445815447254734e+00,1.116635292866275275e+00,7.504153064107093485e+00
4.170000000000000000e+04,9.736521701577389720e+00,1.108731780135802536e+00,1.119041061110068069e+00,7.508748860331519559e+00
4.180000000000000000e+04,9.748743985971930925e+00,1.111595770048978027e+00,1.117173525307342041e+00,7.519974690615611301e+00
4.190000000000000000e+04,9.763716152550074412e+00,1.114127644416435858e+00,1.120121203015793432e+00,7.529467305117845122e+00
4.200000000000000000e+04,9.784679356540339157e+00,1.120361305796068629e+00,1.123531602259031370e+00,7.540786448485239823e+00
4.210000000000000000e+04,9.796984485461896597e+00,1.128329371140430526e+00,1.123599628923113602e+00,7.545055485398353134e+00
4.220000000000000000e+04,9.801238114917881106e+00,1.134645282315884129e+00,1.122266101446304232e+00,7.544326731155692300e+00
4.230000000000000000e+04,9.812506468738808607e+00,1.138515573484747412e+00,1.120242410343584183e+00,7.553748484910478567e+00
4.240000000000000000e+04,9.813694299721282377e+00,1.143741206656424536e+00,1.122470861168518796e+00,7.547482231896339044e+00
4.250000000000000000e+04,9.808481256690622985e+00,1.147617366309212628e+00,1.122899004960008940e+00,7.537964885421399863e+00
4.260000000000000000e+04,9.808992574880095461e+00,1.152651357685111400e+00,1.125158032952410458e+00,7.531183184242574491e+00
4.270000000000000000e+04,9.810073479310927880e+00,1.159914022353817131e+00,1.127721787135747666e+00,7.522437669821361972e+00
4.280000000000000000e+04,9.806575912253999050e+00,1.165056714256385462e+00,1.128533509441368210e+00,7.512985688556244490e+00
4.290000000000000000e+04,9.801681655165475959e+00,1.171738479239846642e+00,1.130914263683239662e+00,7.499028912242388323e+00
4.300000000000000000e+04,9.789265906166351172e+00,1.176599380882665580e+00,1.131168635197184136e+00,7.481497890086501457e+00
4.310000000000000000e+04,9.781040691560944467e+00,1.181759827470831636e+00,1.130006004679802389e+00,7.469274859410309553e+00
4.320000000000000000e+04,9.760552412487294660e+00,1.182570219801819311e+00,1.130307429430205568e+00,7.447674763255270669e+00
4.330000000000000000e+04,9.760456179234813234e+00,1.187049370865951969e+00,1.128970117093618164e+00,7.444436691275243767e+00
4.340000000000000000e+04,9.758377647848840653e+00,1.192718109289629735e+00,1.127478911550519269e+00,7.438180627008693868e+00
4.350000000000000000e+04,9.759855281155134676e+00,1.194425114905002028e+00,1.128341336016523089e+00,7.437088830233610004e+00
4.360000000000000000e+04,9.763526067176330869e+00,1.197479622968464996e+00,1.127929212343410592e+00,7.438117231864453949e+00
4.370000000000000000e+04,9.779279570093223128e+00,1.202468725412278561e+00,1.129490943947457415e+00,7.447319900733486264e+00
4.380000000000000000e+04,9.796930983107449364e+00,1.210295962026393113e+00,1.127111590974963828e+00,7.459523430106091979e+00
4.390000000000000000e+04,9.799870354759127267e+00,1.216462383426344829e+00,1.128358129667345056e+00,7.455049841665437604e+00
4.400000000000000000e+04,9.808058537289918277e+00,1.226428256236388403e+00,1.128027572805242684e+00,7.453602708248285857e+00
4.410000000000000000e+04,9.814579258799440709e+00,1.229203695675531671e+00,1.129407138772661634e+00,7.455968424351247847e+00
4.420000000000000000e+04,9.824445012395624843e+00,1.232285220260526559e+00,1.131907146818608156e+00,7.460252645316490572e+00
4.430000000000000000e+04,9.838283579748919649e+00,1.238753687286341387e+00,1.133204865065244649e+00,7.466325027397334502e+00
4.440000000000000000e+04,9.856950373238117180e+00,1.248477744145195745e+00,1.133669278354661136e+00,7.474803350738260299e+00
4.450000000000000000e+04,9.879772129507701450e+00,1.259149244065152162e+00,1.132271908335962030e+00,7.488350977106587258e+00
4.460000000000000000e+04,9.888205116316436616e+00,1.262809962472996927e+00,1.136377417675292989e+00,7.489017736168147366e+00
4.470000000000000000e+04,9.890795635017491705e+00,1.266328007478539019e+00,1.134714876552686436e+00,7.489752750986267138e+00
4.480000000000000000e+04,9.870365284580641330e+00,1.265090626459773215e+00,1.133600698636571646e+00,7.471673959484296468e+00
4.490000000000000000e+04,9.843819776149047129e+00,1.262615399362384538e+00,1.132004555107444466e+00,7.449199821679218125e+00
4.500000000000000000e+04,9.825057094725167417e+00,1.260656836337886944e+00,1.134050705500321277e+00,7.430349552886958975e+00
4.510000000000000000e+04,9.820963649247978822e+00,1.261389999724676914e+00,1.137400647356367367e+00,7.422173002166935873e+00
4.520000000000000000e+04,9.835839263230953478e+00,1.262413818113699238e+00,1.136230353093713008e+00,7.437195092023542564e+00
4.530000000000000000e+04,9.846185817680408903e+00,1.257013397204881366e+00,1.133177360948549595e+00,7.455995059526976831e+00
4.540000000000000000e+04,9.853772411680532528e+00,1.257061857488368739e+00,1.124960022625123512e+00,7.471750531567042053e+00
4.550000000000000000e+04,9.857994662535855213e+00,1.254102640039014949e+00,1.122820053270812135e+00,7.481071969226029239e+00
4.560000000000000000e+04,9.865542129255070236e+00,1.250837065650557189e+00,1.120978873556760291e+00,7.493726190047754976e+00
4.570000000000000000e+04,9.865953014177142322e+00,1.245981447033252865e+00,1.118376066869196661e+00,7.501595500274693684e+00
4.580000000000000000e+04,9.887721348481518291e+00,1.249396810448184736e+00,1.118110622565724688e+00,7.520213915467610200e+00
4.590000000000000000e+04,9.903208615595071151e+00,1.250987165393188105e+00,1.117504465749077802e+00,7.534716984452806798e+00
4.600000000000000000e+04,9.908699346562615418e+00,1.257784779745814374e+00,1.112913940508631017e+00,7.538000626308170915e+00
4.610000000000000000e+04,9.916251181491110955e+00,1.261617018246302235e+00,1.108358493575567927e+00,7.546275669669242347e+00
4.620000000000000000e+04,9.925167656041310238e+00,1.274791839611125077e+00,1.101696559566691214e+00,7.548679256863493059e+00
4.630000000000000000e+04,9.920599943898043449e+00,1.273835587596227503e+00,1.096432813904215431e+00,7.550331542397599627e+00
4.640000000000000000e+04,9.924019216340004945e+00,1.274922636219591121e+00,1.092439015582886030e+00,7.556657564537526461e+00
4.650000000000000000e+04,9.926962613693381954e+00,1.270462910569634341e+00,1.091532309074467966e+00,7.564967394049278759e+00
4.660000000000000000e+04,9.925457903751341959e+00,1.274517453987154214e+00,1.087621236616858056e+00,7.563319213147328135e+00
4.670000000000000000e+04,9.930517261340236601e+00,1.278947739234540526e+00,1.089122347549835057e+00,7.562447174555860130e+00
4.680000000000000000e+04,9.932429876261780421e+00,1.288028854422188507e+00,1.090276078615413313e+00,7.554124943224178601e+00
4.690000000000000000e+04,9.921000238191091114e+00,1.296914357245478877e+00,1.086932909792153179e+00,7.537152971153457948e+00
4.700000000000000000e+04,9.915155440278359933e+00,1.304856930539951998e+00,1.085417307161280709e+00,7.524881202577127226e+00
4.710000000000000000e+04,9.881230241131286007e+00,1.309780135619678099e+00,1.076403779954059337e+00,7.495046325557548350e+00
4.720000000000000000e+04,9.870243055471910054e+00,1.313158540758649462e+00,1.089044993122201488e+00,7.468039521591059327e+00
4.730000000000000000e+04,9.838148792290878575e+00,1.317032129106817218e+00,1.090166795856937876e+00,7.430949867327123037e+00
4.740000000000000000e+04,9.806282080816396629e+00,1.325535564324279880e+00,1.097307934594091039e+00,7.383438581898026598e+00
4.750000000000000000e+04,9.781582582262485559e+00,1.327208177411094869e+00,1.099609642812174659e+00,7.354764762039216919e+00
4.760000000000000000e+04,9.712648986932927997e+00,1.325536600603874016e+00,1.086979397761669963e+00,7.300132988567386683e+00
4.770000000000000000e+04,9.688990247545703483e+00,1.331667879958250422e+00,1.074465556158778368e+00,7.282856811428675137e+00
4.780000000000000000e+04,9.673672885180135239e+00,1.338423152494972790e+00,1.066687845482782171e+00,7.268561887202380944e+00
4.790000000000000000e+04,9.666282837178359344e+00,1.339469079728608847e+00,1.058675761678222083e+00,7.268137995771528637e+00
4.800000000000000000e+04,9.677964410628444369e+00,1.340580910163166495e+00,1.061520326079887555e+00,7.275863174385389875e+00
4.810000000000000000e+04,9.657065110952045117e+00,1.340070676541881722e+00,1.048997235317645327e+00,7.267997199092518734e+00
4.820000000000000000e+04,9.670591309095078358e+00,1.345486038017127184e+00,1.049831650464815747e+00,7.275273620613134540e+00
4.830000000000000000e+04,9.687657219248043461e+00,1.350049088424215116e+00,1.052925433427924551e+00,7.284682697395903794e+00
4.840000000000000000e+04,9.719046225535857175e+00,1.348473558858186649e+00,1.055349370555293431e+00,7.315223296122378649e+00
4.850000000000000000e+04,9.769483839412847814e+00,1.346209890843832468e+00,1.055637890397372658e+00,7.367636058171641800e+00
4.860000000000000000e+04,9.796428141209354123e+00,1.344463625149084463e+00,1.056435763651673021e+00,7.395528752408597306e+00
4.870000000000000000e+04,9.859630329188380671e+00,1.355106886964928092e+00,1.061159932774513370e+00,7.443363509448938764e+00
4.880000000000000000e+04,9.896860422525250556e+00,1.363227470229396276e+00,1.060654229310663776e+00,7.472978722985190281e+00
4.890000000000000000e+04,9.905211996320524293e+00,1.380083505586939152e+00,1.061251592188336978e+00,7.463876898545247052e+00
4.900000000000000000e+04,9.905144139121148328e+00,1.391490001179968905e+00,1.061214421032970145e+00,7.452439716908209277e+00
4.910000000000000000e+04,9.860117943922634964e+00,1.390214851898273984e+00,1.065240656395140428e+00,7.404662435629219885e+00
4.920000000000000000e+04,9.826454757275588037e+00,1.378085470889882425e+00,1.053360810637131051e+00,7.395008475748575449e+00
4.930000000000000000e+04,9.812308095590500656e+00,1.365377525800125724e+00,1.057375757851181985e+00,7.389554811939192724e+00
4.940000000000000000e+04,9.870560377733069046e+00,1.354954608152922235e+00,1.071016289914541231e+00,7.444589479665604692e+00
4.950000000000000000e+04,9.920504992125003696e+00,1.333967197709859720e+00,1.086889721805803566e+00,7.499648072609342186e+00
4.960000000000000000e+04,9.957681509692804411e+00,1.331680898487007214e+00,1.088831957283970864e+00,7.537168653921827222e+00
4.970000000000000000e+04,1.008983440656907327e+01,1.316638105924810898e+00,1.082886571156040700e+00,7.690309729488220114e+00
4.980000000000000000e+04,1.009208907057708338e+01,1.295043706491031177e+00,1.088634356118624469e+00,7.708411007967430173e+00
4.990000000000000000e+04,1.009721813429818127e+01,1.285787376038367791e+00,1.093268617474772331e+00,7.718162140785040037e+00
5.000000000000000000e+04,1.024768487885068247e+01,1.244188953268071662e+00,1.082649663996367639e+00,7.920846261586244275e+00
